date,DTB3,FEDFUNDS,DGS10,CPI,VIX,VIX_Regime
2018/1/2,1.42,1.42,2.46,248.859,9.77,low
2018/1/3,1.39,1.42,2.44,248.859,9.15,low
2018/1/4,1.39,1.42,2.46,248.859,9.22,low
2018/1/5,1.37,1.42,2.47,248.859,9.22,low
2018/1/8,1.43,1.42,2.49,248.859,9.52,low
2018/1/9,1.42,1.42,2.55,248.859,10.08,low
2018/1/10,1.4,1.42,2.55,248.859,9.82,low
2018/1/11,1.41,1.42,2.54,248.859,9.88,low
2018/1/12,1.41,1.42,2.55,248.859,10.16,low
2018/1/16,1.43,1.42,2.54,248.859,11.66,low
2018/1/17,1.42,1.42,2.57,248.859,11.91,low
2018/1/18,1.43,1.42,2.62,248.859,12.22,low
2018/1/19,1.42,1.42,2.64,248.859,11.27,low
2018/1/22,1.43,1.42,2.66,248.859,11.03,low
2018/1/23,1.42,1.42,2.63,248.859,11.1,low
2018/1/24,1.41,1.42,2.65,248.859,11.47,low
2018/1/25,1.4,1.42,2.63,248.859,11.58,low
2018/1/26,1.39,1.42,2.66,248.859,11.08,low
2018/1/29,1.43,1.42,2.7,248.859,13.84,low
2018/1/30,1.42,1.42,2.73,248.859,14.79,low
2018/1/31,1.44,1.34,2.72,248.859,13.54,low
2018/2/1,1.46,1.42,2.78,249.529,13.47,low
2018/2/2,1.46,1.42,2.84,249.529,17.31,medium
2018/2/5,1.49,1.42,2.77,249.529,37.32,extreme
2018/2/6,1.5,1.42,2.79,249.529,29.98,high
2018/2/7,1.53,1.42,2.84,249.529,27.73,high
2018/2/8,1.53,1.42,2.85,249.529,33.46,high
2018/2/9,1.53,1.42,2.83,249.529,29.06,high
2018/2/12,1.61,1.42,2.86,249.529,25.61,high
2018/2/13,1.57,1.42,2.83,249.529,24.97,medium
2018/2/14,1.56,1.42,2.91,249.529,19.26,medium
2018/2/15,1.56,1.42,2.9,249.529,19.13,medium
2018/2/16,1.59,1.42,2.87,249.529,19.46,medium
2018/2/20,1.64,1.42,2.88,249.529,20.6,medium
2018/2/21,1.62,1.42,2.94,249.529,20.02,medium
2018/2/22,1.61,1.42,2.92,249.529,18.72,medium
2018/2/23,1.61,1.42,2.88,249.529,16.49,medium
2018/2/26,1.65,1.42,2.86,249.529,15.8,medium
2018/2/27,1.64,1.42,2.9,249.529,18.59,medium
2018/2/28,1.63,1.35,2.87,249.529,19.85,medium
2018/3/1,1.6,1.42,2.81,249.577,22.47,medium
2018/3/2,1.62,1.42,2.86,249.577,19.59,medium
2018/3/5,1.67,1.42,2.88,249.577,18.73,medium
2018/3/6,1.65,1.42,2.88,249.577,18.36,medium
2018/3/7,1.65,1.42,2.89,249.577,17.76,medium
2018/3/8,1.64,1.42,2.86,249.577,16.54,medium
2018/3/9,1.64,1.42,2.9,249.577,14.64,low
2018/3/12,1.68,1.42,2.87,249.577,15.78,medium
2018/3/13,1.7,1.42,2.84,249.577,16.35,medium
2018/3/14,1.73,1.42,2.81,249.577,17.23,medium
2018/3/15,1.74,1.43,2.82,249.577,16.59,medium
2018/3/16,1.75,1.43,2.85,249.577,15.8,medium
2018/3/19,1.77,1.43,2.85,249.577,19.02,medium
2018/3/20,1.78,1.44,2.89,249.577,18.2,medium
2018/3/21,1.71,1.44,2.89,249.577,17.86,medium
2018/3/22,1.69,1.68,2.83,249.577,23.34,medium
2018/3/23,1.71,1.68,2.82,249.577,24.87,medium
2018/3/26,1.76,1.68,2.85,249.577,21.03,medium
2018/3/27,1.74,1.68,2.78,249.577,22.5,medium
2018/3/28,1.7,1.68,2.77,249.577,22.87,medium
2018/3/29,1.7,1.68,2.74,249.577,19.97,medium
2018/4/2,1.74,1.68,2.73,250.227,23.62,medium
2018/4/3,1.72,1.69,2.79,250.227,21.1,medium
2018/4/4,1.68,1.69,2.79,250.227,20.06,medium
2018/4/5,1.69,1.69,2.83,250.227,18.94,medium
2018/4/6,1.7,1.69,2.77,250.227,21.49,medium
2018/4/9,1.73,1.69,2.78,250.227,21.77,medium
2018/4/10,1.71,1.69,2.8,250.227,20.47,medium
2018/4/11,1.7,1.69,2.79,250.227,20.24,medium
2018/4/12,1.72,1.69,2.83,250.227,18.49,medium
2018/4/13,1.73,1.69,2.82,250.227,17.41,medium
2018/4/16,1.76,1.69,2.83,250.227,16.56,medium
2018/4/17,1.77,1.69,2.82,250.227,15.25,medium
2018/4/18,1.78,1.69,2.87,250.227,15.6,medium
2018/4/19,1.79,1.69,2.92,250.227,15.96,medium
2018/4/20,1.78,1.7,2.96,250.227,16.88,medium
2018/4/23,1.84,1.7,2.98,250.227,16.34,medium
2018/4/24,1.84,1.7,3,250.227,18.02,medium
2018/4/25,1.82,1.7,3.03,250.227,17.84,medium
2018/4/26,1.79,1.7,3,250.227,16.24,medium
2018/4/27,1.78,1.7,2.96,250.227,15.41,medium
2018/4/30,1.84,1.69,2.95,250.227,15.93,medium
2018/5/1,1.82,1.7,2.97,250.792,15.49,medium
2018/5/2,1.81,1.7,2.97,250.792,15.97,medium
2018/5/3,1.8,1.7,2.94,250.792,15.9,medium
2018/5/4,1.8,1.7,2.95,250.792,14.77,low
2018/5/7,1.83,1.7,2.95,250.792,14.75,low
2018/5/8,1.84,1.7,2.97,250.792,14.71,low
2018/5/9,1.85,1.7,3,250.792,13.42,low
2018/5/10,1.86,1.7,2.97,250.792,13.23,low
2018/5/11,1.88,1.7,2.97,250.792,12.65,low
2018/5/14,1.9,1.7,3,250.792,12.93,low
2018/5/15,1.89,1.7,3.08,250.792,14.63,low
2018/5/16,1.88,1.7,3.09,250.792,13.42,low
2018/5/17,1.88,1.7,3.11,250.792,13.43,low
2018/5/18,1.87,1.7,3.06,250.792,13.42,low
2018/5/21,1.9,1.7,3.06,250.792,13.08,low
2018/5/22,1.9,1.7,3.06,250.792,13.22,low
2018/5/23,1.88,1.7,3.01,250.792,12.58,low
2018/5/24,1.87,1.7,2.98,250.792,12.53,low
2018/5/25,1.86,1.7,2.93,250.792,13.22,low
2018/5/29,1.9,1.7,2.77,250.792,17.02,medium
2018/5/30,1.9,1.7,2.84,250.792,14.94,low
2018/5/31,1.89,1.7,2.83,250.792,15.43,medium
2018/6/1,1.88,1.7,2.89,251.018,13.46,low
2018/6/4,1.91,1.7,2.94,251.018,12.74,low
2018/6/5,1.91,1.7,2.92,251.018,12.4,low
2018/6/6,1.91,1.7,2.97,251.018,11.64,low
2018/6/7,1.9,1.7,2.93,251.018,12.13,low
2018/6/8,1.89,1.7,2.93,251.018,12.18,low
2018/6/11,1.91,1.7,2.96,251.018,12.35,low
2018/6/12,1.89,1.7,2.96,251.018,12.34,low
2018/6/13,1.9,1.7,2.98,251.018,12.94,low
2018/6/14,1.9,1.9,2.94,251.018,12.12,low
2018/6/15,1.9,1.9,2.93,251.018,11.98,low
2018/6/18,1.91,1.9,2.92,251.018,12.31,low
2018/6/19,1.91,1.91,2.89,251.018,13.35,low
2018/6/20,1.9,1.92,2.93,251.018,12.79,low
2018/6/21,1.9,1.92,2.9,251.018,14.64,low
2018/6/22,1.89,1.92,2.9,251.018,13.77,low
2018/6/25,1.9,1.92,2.87,251.018,17.33,medium
2018/6/26,1.9,1.92,2.88,251.018,15.92,medium
2018/6/27,1.89,1.91,2.83,251.018,17.91,medium
2018/6/28,1.89,1.91,2.84,251.018,16.85,medium
2018/6/29,1.89,1.91,2.85,251.018,16.09,medium
2018/7/2,1.95,1.91,2.87,251.214,15.6,medium
2018/7/3,1.94,1.91,2.83,251.214,16.14,medium
2018/7/5,1.92,1.91,2.84,251.214,14.97,low
2018/7/6,1.93,1.91,2.82,251.214,13.37,low
2018/7/9,1.95,1.91,2.86,251.214,12.69,low
2018/7/10,1.95,1.91,2.87,251.214,12.64,low
2018/7/11,1.93,1.91,2.85,251.214,13.63,low
2018/7/12,1.94,1.91,2.85,251.214,12.58,low
2018/7/13,1.94,1.91,2.83,251.214,12.18,low
2018/7/16,1.98,1.91,2.85,251.214,12.83,low
2018/7/17,1.98,1.91,2.86,251.214,12.06,low
2018/7/18,1.96,1.91,2.88,251.214,12.1,low
2018/7/19,1.96,1.91,2.84,251.214,12.87,low
2018/7/20,1.95,1.91,2.89,251.214,12.86,low
2018/7/23,1.96,1.91,2.96,251.214,12.62,low
2018/7/24,1.98,1.91,2.95,251.214,12.41,low
2018/7/25,1.97,1.91,2.94,251.214,12.29,low
2018/7/26,1.95,1.91,2.98,251.214,12.14,low
2018/7/27,1.96,1.91,2.96,251.214,13.03,low
2018/7/30,2.01,1.91,2.98,251.214,14.26,low
2018/7/31,1.99,1.91,2.96,251.214,12.83,low
2018/8/1,1.99,1.91,3,251.663,13.15,low
2018/8/2,1.98,1.91,2.98,251.663,12.19,low
2018/8/3,1.97,1.91,2.95,251.663,11.64,low
2018/8/6,2.02,1.91,2.94,251.663,11.27,low
2018/8/7,2.02,1.91,2.98,251.663,10.93,low
2018/8/8,2.02,1.91,2.96,251.663,10.85,low
2018/8/9,2.02,1.91,2.93,251.663,11.27,low
2018/8/10,2.01,1.91,2.87,251.663,13.16,low
2018/8/13,2.03,1.91,2.88,251.663,14.78,low
2018/8/14,2.04,1.91,2.89,251.663,13.31,low
2018/8/15,2.03,1.91,2.86,251.663,14.64,low
2018/8/16,2.03,1.92,2.87,251.663,13.45,low
2018/8/17,2.01,1.92,2.87,251.663,12.64,low
2018/8/20,2.03,1.92,2.82,251.663,12.49,low
2018/8/21,2.04,1.92,2.85,251.663,12.86,low
2018/8/22,2.05,1.92,2.82,251.663,12.25,low
2018/8/23,2.04,1.92,2.82,251.663,12.41,low
2018/8/24,2.05,1.92,2.82,251.663,11.99,low
2018/8/27,2.08,1.92,2.85,251.663,12.16,low
2018/8/28,2.09,1.92,2.88,251.663,12.5,low
2018/8/29,2.09,1.92,2.89,251.663,12.25,low
2018/8/30,2.07,1.92,2.86,251.663,13.53,low
2018/8/31,2.07,1.91,2.86,251.663,12.86,low
2018/9/4,2.09,1.92,2.9,252.182,13.16,low
2018/9/5,2.1,1.92,2.9,252.182,13.91,low
2018/9/6,2.09,1.92,2.88,252.182,14.65,low
2018/9/7,2.1,1.92,2.94,252.182,14.88,low
2018/9/10,2.11,1.92,2.94,252.182,14.16,low
2018/9/11,2.11,1.92,2.98,252.182,13.22,low
2018/9/12,2.12,1.92,2.97,252.182,13.14,low
2018/9/13,2.11,1.92,2.97,252.182,12.37,low
2018/9/14,2.12,1.92,2.99,252.182,12.07,low
2018/9/17,2.13,1.92,2.99,252.182,13.68,low
2018/9/18,2.13,1.92,3.05,252.182,12.79,low
2018/9/19,2.12,1.92,3.08,252.182,11.75,low
2018/9/20,2.13,1.92,3.07,252.182,11.8,low
2018/9/21,2.14,1.92,3.07,252.182,11.68,low
2018/9/24,2.18,1.93,3.08,252.182,12.2,low
2018/9/25,2.17,1.93,3.1,252.182,12.42,low
2018/9/26,2.16,1.93,3.06,252.182,12.89,low
2018/9/27,2.14,2.18,3.06,252.182,12.41,low
2018/9/28,2.15,2.18,3.05,252.182,12.12,low
2018/10/1,2.19,2.18,3.09,252.772,12,low
2018/10/2,2.19,2.18,3.05,252.772,12.05,low
2018/10/3,2.19,2.18,3.15,252.772,11.61,low
2018/10/4,2.18,2.18,3.19,252.772,14.22,low
2018/10/5,2.18,2.18,3.23,252.772,14.82,low
2018/10/9,2.21,2.18,3.21,252.772,15.95,medium
2018/10/10,2.23,2.18,3.22,252.772,22.96,medium
2018/10/11,2.22,2.18,3.14,252.772,24.98,medium
2018/10/12,2.23,2.18,3.15,252.772,21.31,medium
2018/10/15,2.27,2.18,3.16,252.772,21.3,medium
2018/10/16,2.26,2.18,3.16,252.772,17.62,medium
2018/10/17,2.27,2.19,3.19,252.772,17.4,medium
2018/10/18,2.27,2.19,3.17,252.772,20.06,medium
2018/10/19,2.26,2.19,3.2,252.772,19.89,medium
2018/10/22,2.3,2.19,3.2,252.772,19.64,medium
2018/10/23,2.29,2.2,3.17,252.772,20.71,medium
2018/10/24,2.29,2.2,3.1,252.772,25.23,high
2018/10/25,2.29,2.2,3.14,252.772,24.22,medium
2018/10/26,2.28,2.2,3.08,252.772,24.16,medium
2018/10/29,2.3,2.2,3.08,252.772,24.7,medium
2018/10/30,2.29,2.2,3.12,252.772,23.35,medium
2018/10/31,2.29,2.2,3.15,252.772,21.23,medium
2018/11/1,2.27,2.2,3.14,252.594,19.34,medium
2018/11/2,2.28,2.19,3.22,252.594,19.51,medium
2018/11/5,2.32,2.2,3.2,252.594,19.96,medium
2018/11/6,2.31,2.2,3.22,252.594,19.91,medium
2018/11/7,2.32,2.2,3.22,252.594,16.36,medium
2018/11/8,2.3,2.2,3.24,252.594,16.72,medium
2018/11/9,2.31,2.19,3.19,252.594,17.36,medium
2018/11/13,2.34,2.2,3.14,252.594,20.02,medium
2018/11/14,2.33,2.2,3.12,252.594,21.25,medium
2018/11/15,2.32,2.2,3.11,252.594,19.98,medium
2018/11/16,2.31,2.2,3.08,252.594,18.14,medium
2018/11/19,2.34,2.2,3.06,252.594,20.1,medium
2018/11/20,2.34,2.2,3.06,252.594,22.48,medium
2018/11/21,2.36,2.2,3.06,252.594,20.8,medium
2018/11/23,2.36,2.2,3.05,252.594,21.52,medium
2018/11/26,2.37,2.2,3.07,252.594,18.9,medium
2018/11/27,2.36,2.2,3.06,252.594,19.02,medium
2018/11/28,2.35,2.2,3.06,252.594,18.49,medium
2018/11/29,2.32,2.2,3.03,252.594,18.79,medium
2018/11/30,2.32,2.2,3.01,252.594,18.07,medium
2018/12/3,2.34,2.19,2.98,252.767,16.44,medium
2018/12/4,2.38,2.2,2.91,252.767,20.74,medium
2018/12/6,2.36,2.2,2.87,252.767,21.19,medium
2018/12/7,2.35,2.19,2.85,252.767,23.23,medium
2018/12/10,2.37,2.2,2.85,252.767,22.64,medium
2018/12/11,2.37,2.19,2.89,252.767,21.76,medium
2018/12/12,2.39,2.19,2.91,252.767,21.46,medium
2018/12/13,2.38,2.19,2.91,252.767,20.65,medium
2018/12/14,2.37,2.19,2.89,252.767,21.63,medium
2018/12/17,2.36,2.2,2.86,252.767,24.52,medium
2018/12/18,2.34,2.2,2.82,252.767,25.58,high
2018/12/19,2.35,2.2,2.77,252.767,25.58,high
2018/12/20,2.34,2.4,2.79,252.767,28.38,high
2018/12/21,2.34,2.4,2.79,252.767,30.11,high
2018/12/24,2.41,2.4,2.74,252.767,36.07,extreme
2018/12/26,2.39,2.4,2.81,252.767,30.41,high
2018/12/27,2.36,2.4,2.77,252.767,29.96,high
2018/12/28,2.35,2.4,2.72,252.767,28.34,high
2018/12/31,2.4,2.4,2.69,252.767,25.42,high
2019/1/2,2.37,2.4,2.66,252.561,23.22,medium
2019/1/3,2.36,2.4,2.56,252.561,25.45,high
2019/1/4,2.37,2.4,2.67,252.561,21.38,medium
2019/1/7,2.41,2.4,2.7,252.561,21.4,medium
2019/1/8,2.41,2.4,2.73,252.561,20.47,medium
2019/1/9,2.4,2.4,2.74,252.561,19.98,medium
2019/1/10,2.38,2.4,2.74,252.561,19.5,medium
2019/1/11,2.38,2.4,2.71,252.561,18.19,medium
2019/1/14,2.4,2.4,2.71,252.561,19.07,medium
2019/1/15,2.4,2.4,2.72,252.561,18.6,medium
2019/1/16,2.38,2.4,2.73,252.561,19.04,medium
2019/1/17,2.37,2.4,2.75,252.561,18.06,medium
2019/1/18,2.36,2.4,2.79,252.561,17.8,medium
2019/1/22,2.38,2.4,2.74,252.561,20.8,medium
2019/1/23,2.36,2.4,2.76,252.561,19.52,medium
2019/1/24,2.32,2.4,2.72,252.561,18.89,medium
2019/1/25,2.34,2.4,2.76,252.561,17.42,medium
2019/1/28,2.37,2.4,2.75,252.561,18.87,medium
2019/1/29,2.37,2.4,2.72,252.561,19.13,medium
2019/1/30,2.37,2.4,2.7,252.561,17.66,medium
2019/1/31,2.36,2.4,2.63,252.561,16.57,medium
2019/2/1,2.35,2.4,2.7,253.319,16.14,medium
2019/2/4,2.37,2.4,2.73,253.319,15.73,medium
2019/2/5,2.37,2.4,2.71,253.319,15.57,medium
2019/2/6,2.37,2.4,2.7,253.319,15.38,medium
2019/2/7,2.37,2.4,2.65,253.319,16.37,medium
2019/2/8,2.38,2.4,2.63,253.319,15.72,medium
2019/2/11,2.4,2.4,2.65,253.319,15.97,medium
2019/2/12,2.38,2.4,2.68,253.319,15.43,medium
2019/2/13,2.39,2.4,2.71,253.319,15.65,medium
2019/2/14,2.38,2.4,2.66,253.319,16.22,medium
2019/2/15,2.38,2.4,2.66,253.319,14.91,low
2019/2/19,2.41,2.4,2.65,253.319,14.88,low
2019/2/20,2.4,2.4,2.65,253.319,14.02,low
2019/2/21,2.4,2.4,2.69,253.319,14.46,low
2019/2/22,2.41,2.4,2.65,253.319,13.51,low
2019/2/25,2.42,2.4,2.67,253.319,14.85,low
2019/2/26,2.4,2.4,2.64,253.319,15.17,medium
2019/2/27,2.4,2.4,2.69,253.319,14.7,low
2019/2/28,2.4,2.4,2.73,253.319,14.78,low
2019/3/1,2.39,2.4,2.76,254.277,13.57,low
2019/3/4,2.41,2.4,2.72,254.277,14.63,low
2019/3/5,2.41,2.4,2.72,254.277,14.74,low
2019/3/6,2.41,2.4,2.69,254.277,15.74,medium
2019/3/7,2.4,2.4,2.64,254.277,16.59,medium
2019/3/8,2.41,2.4,2.62,254.277,16.05,medium
2019/3/11,2.41,2.4,2.64,254.277,14.33,low
2019/3/12,2.41,2.4,2.61,254.277,13.77,low
2019/3/13,2.4,2.4,2.61,254.277,13.41,low
2019/3/14,2.4,2.4,2.63,254.277,13.5,low
2019/3/15,2.4,2.4,2.59,254.277,12.88,low
2019/3/18,2.39,2.4,2.6,254.277,13.1,low
2019/3/19,2.41,2.4,2.61,254.277,13.56,low
2019/3/20,2.42,2.41,2.54,254.277,13.91,low
2019/3/21,2.43,2.41,2.54,254.277,13.63,low
2019/3/22,2.41,2.41,2.44,254.277,16.48,medium
2019/3/25,2.41,2.4,2.43,254.277,16.33,medium
2019/3/26,2.41,2.4,2.41,254.277,14.68,low
2019/3/27,2.39,2.41,2.39,254.277,15.15,medium
2019/3/28,2.38,2.41,2.39,254.277,14.43,low
2019/3/29,2.35,2.43,2.41,254.277,13.71,low
2019/4/1,2.38,2.41,2.49,255.233,13.4,low
2019/4/2,2.37,2.41,2.48,255.233,13.36,low
2019/4/3,2.39,2.41,2.52,255.233,13.74,low
2019/4/4,2.39,2.41,2.51,255.233,13.58,low
2019/4/5,2.39,2.41,2.5,255.233,12.82,low
2019/4/8,2.38,2.41,2.52,255.233,13.18,low
2019/4/9,2.37,2.41,2.51,255.233,14.28,low
2019/4/10,2.38,2.41,2.48,255.233,13.3,low
2019/4/11,2.38,2.41,2.51,255.233,13.02,low
2019/4/12,2.39,2.41,2.56,255.233,12.01,low
2019/4/15,2.38,2.41,2.55,255.233,12.32,low
2019/4/16,2.38,2.41,2.6,255.233,12.18,low
2019/4/17,2.39,2.42,2.59,255.233,12.6,low
2019/4/18,2.37,2.43,2.57,255.233,12.09,low
2019/4/22,2.39,2.44,2.59,255.233,12.42,low
2019/4/23,2.4,2.44,2.57,255.233,12.28,low
2019/4/24,2.39,2.44,2.53,255.233,13.14,low
2019/4/25,2.38,2.44,2.54,255.233,13.25,low
2019/4/26,2.37,2.44,2.51,255.233,12.73,low
2019/4/29,2.39,2.45,2.54,255.233,13.11,low
2019/4/30,2.38,2.45,2.51,255.233,13.12,low
2019/5/1,2.38,2.45,2.52,255.296,14.8,low
2019/5/2,2.41,2.41,2.55,255.296,14.42,low
2019/5/3,2.38,2.4,2.54,255.296,12.87,low
2019/5/6,2.39,2.4,2.51,255.296,15.44,medium
2019/5/7,2.38,2.4,2.45,255.296,19.32,medium
2019/5/8,2.38,2.39,2.49,255.296,19.4,medium
2019/5/9,2.38,2.38,2.45,255.296,19.1,medium
2019/5/10,2.38,2.38,2.47,255.296,16.04,medium
2019/5/13,2.36,2.38,2.4,255.296,20.55,medium
2019/5/14,2.36,2.38,2.42,255.296,18.06,medium
2019/5/15,2.37,2.4,2.37,255.296,16.44,medium
2019/5/16,2.35,2.39,2.4,255.296,15.29,medium
2019/5/17,2.34,2.39,2.39,255.296,15.96,medium
2019/5/20,2.34,2.39,2.41,255.296,16.31,medium
2019/5/21,2.34,2.39,2.43,255.296,14.95,low
2019/5/22,2.33,2.38,2.39,255.296,14.75,low
2019/5/23,2.32,2.38,2.31,255.296,16.92,medium
2019/5/24,2.3,2.38,2.32,255.296,15.85,medium
2019/5/28,2.32,2.39,2.26,255.296,17.5,medium
2019/5/29,2.32,2.39,2.25,255.296,17.9,medium
2019/5/30,2.33,2.39,2.22,255.296,17.3,medium
2019/5/31,2.3,2.4,2.14,255.296,18.71,medium
2019/6/3,2.3,2.38,2.07,255.213,18.86,medium
2019/6/4,2.3,2.38,2.12,255.213,16.97,medium
2019/6/5,2.3,2.38,2.12,255.213,16.09,medium
2019/6/6,2.28,2.37,2.12,255.213,15.93,medium
2019/6/7,2.23,2.37,2.09,255.213,16.3,medium
2019/6/10,2.24,2.37,2.15,255.213,15.94,medium
2019/6/11,2.22,2.37,2.15,255.213,15.99,medium
2019/6/12,2.19,2.37,2.13,255.213,15.91,medium
2019/6/13,2.14,2.37,2.1,255.213,15.82,medium
2019/6/14,2.15,2.36,2.09,255.213,15.28,medium
2019/6/17,2.18,2.38,2.09,255.213,15.35,medium
2019/6/18,2.17,2.37,2.06,255.213,15.15,medium
2019/6/19,2.13,2.37,2.03,255.213,14.33,low
2019/6/20,2.09,2.37,2.01,255.213,14.75,low
2019/6/21,2.07,2.38,2.07,255.213,15.4,medium
2019/6/24,2.08,2.38,2.02,255.213,15.26,medium
2019/6/25,2.07,2.38,2,255.213,16.28,medium
2019/6/26,2.1,2.38,2.05,255.213,16.21,medium
2019/6/27,2.09,2.38,2.01,255.213,15.82,medium
2019/6/28,2.08,2.4,2,255.213,15.08,medium
2019/7/1,2.16,2.39,2.03,255.802,14.06,low
2019/7/2,2.15,2.4,1.98,255.802,12.93,low
2019/7/3,2.16,2.41,1.96,255.802,12.57,low
2019/7/5,2.18,2.42,2.04,255.802,13.28,low
2019/7/8,2.21,2.41,2.05,255.802,13.96,low
2019/7/9,2.21,2.41,2.07,255.802,14.09,low
2019/7/10,2.15,2.41,2.07,255.802,13.03,low
2019/7/11,2.12,2.4,2.13,255.802,12.93,low
2019/7/12,2.1,2.38,2.12,255.802,12.39,low
2019/7/15,2.11,2.4,2.09,255.802,12.68,low
2019/7/16,2.1,2.41,2.13,255.802,12.86,low
2019/7/17,2.09,2.41,2.06,255.802,13.97,low
2019/7/18,2.01,2.41,2.04,255.802,13.53,low
2019/7/19,2.02,2.41,2.05,255.802,14.45,low
2019/7/22,2.04,2.4,2.05,255.802,13.53,low
2019/7/23,2.02,2.4,2.08,255.802,12.61,low
2019/7/24,2.05,2.4,2.05,255.802,12.07,low
2019/7/25,2.06,2.4,2.08,255.802,12.74,low
2019/7/26,2.08,2.4,2.08,255.802,12.16,low
2019/7/29,2.07,2.4,2.06,255.802,12.83,low
2019/7/30,2.04,2.39,2.06,255.802,13.94,low
2019/7/31,2.04,2.4,2.02,255.802,16.12,medium
2019/8/1,2.03,2.14,1.9,256.036,17.87,medium
2019/8/2,2.02,2.14,1.86,256.036,17.61,medium
2019/8/5,2,2.13,1.75,256.036,24.59,medium
2019/8/6,2.01,2.13,1.73,256.036,20.17,medium
2019/8/7,1.98,2.12,1.71,256.036,19.49,medium
2019/8/8,1.98,2.12,1.72,256.036,16.91,medium
2019/8/9,1.96,2.12,1.74,256.036,17.97,medium
2019/8/12,1.96,2.12,1.65,256.036,21.09,medium
2019/8/13,1.96,2.12,1.68,256.036,17.52,medium
2019/8/14,1.92,2.12,1.59,256.036,22.1,medium
2019/8/15,1.87,2.13,1.52,256.036,21.18,medium
2019/8/16,1.83,2.13,1.55,256.036,18.47,medium
2019/8/19,1.9,2.13,1.6,256.036,16.88,medium
2019/8/20,1.9,2.13,1.55,256.036,17.5,medium
2019/8/21,1.93,2.12,1.59,256.036,15.8,medium
2019/8/22,1.96,2.12,1.62,256.036,16.68,medium
2019/8/23,1.93,2.12,1.52,256.036,19.87,medium
2019/8/26,1.96,2.12,1.54,256.036,19.32,medium
2019/8/27,1.94,2.12,1.49,256.036,20.31,medium
2019/8/28,1.95,2.12,1.47,256.036,19.35,medium
2019/8/29,1.95,2.12,1.5,256.036,17.88,medium
2019/8/30,1.95,2.13,1.5,256.036,18.98,medium
2019/9/3,1.94,2.13,1.47,256.43,19.66,medium
2019/9/4,1.93,2.13,1.47,256.43,17.33,medium
2019/9/5,1.93,2.13,1.57,256.43,16.27,medium
2019/9/6,1.92,2.12,1.55,256.43,15,medium
2019/9/9,1.92,2.13,1.63,256.43,15.27,medium
2019/9/10,1.91,2.13,1.72,256.43,15.2,medium
2019/9/11,1.92,2.13,1.75,256.43,14.61,low
2019/9/12,1.91,2.13,1.79,256.43,14.22,low
2019/9/13,1.92,2.14,1.9,256.43,13.74,low
2019/9/16,1.95,2.25,1.84,256.43,14.67,low
2019/9/17,1.95,2.3,1.81,256.43,14.44,low
2019/9/18,1.91,2.25,1.8,256.43,13.95,low
2019/9/19,1.89,1.9,1.79,256.43,14.05,low
2019/9/20,1.87,1.9,1.74,256.43,15.32,medium
2019/9/23,1.9,1.9,1.72,256.43,14.91,low
2019/9/24,1.88,1.9,1.64,256.43,17.05,medium
2019/9/25,1.85,1.9,1.73,256.43,15.96,medium
2019/9/26,1.79,1.85,1.7,256.43,16.07,medium
2019/9/27,1.76,1.83,1.69,256.43,17.22,medium
2019/9/30,1.84,1.9,1.68,256.43,16.24,medium
2019/10/1,1.78,1.88,1.65,257.155,18.56,medium
2019/10/2,1.75,1.85,1.6,257.155,20.56,medium
2019/10/3,1.67,1.83,1.54,257.155,19.12,medium
2019/10/4,1.68,1.82,1.52,257.155,17.04,medium
2019/10/7,1.71,1.82,1.56,257.155,17.86,medium
2019/10/8,1.68,1.82,1.54,257.155,20.28,medium
2019/10/9,1.66,1.82,1.59,257.155,18.64,medium
2019/10/10,1.65,1.82,1.67,257.155,17.57,medium
2019/10/11,1.65,1.82,1.76,257.155,15.58,medium
2019/10/15,1.64,1.9,1.77,257.155,13.54,low
2019/10/16,1.63,1.9,1.75,257.155,13.68,low
2019/10/17,1.63,1.85,1.76,257.155,13.79,low
2019/10/18,1.63,1.85,1.76,257.155,14.25,low
2019/10/21,1.64,1.85,1.8,257.155,14,low
2019/10/22,1.62,1.85,1.78,257.155,14.46,low
2019/10/23,1.62,1.85,1.77,257.155,14.01,low
2019/10/24,1.64,1.85,1.77,257.155,13.71,low
2019/10/25,1.63,1.83,1.8,257.155,12.65,low
2019/10/28,1.62,1.83,1.85,257.155,13.11,low
2019/10/29,1.6,1.82,1.84,257.155,13.2,low
2019/10/30,1.59,1.82,1.78,257.155,12.33,low
2019/10/31,1.51,1.58,1.69,257.155,13.22,low
2019/11/1,1.49,1.57,1.73,257.879,12.3,low
2019/11/4,1.5,1.56,1.79,257.879,12.83,low
2019/11/5,1.53,1.56,1.86,257.879,13.1,low
2019/11/6,1.53,1.55,1.81,257.879,12.62,low
2019/11/7,1.53,1.55,1.92,257.879,12.73,low
2019/11/8,1.52,1.55,1.94,257.879,12.07,low
2019/11/12,1.56,1.55,1.92,257.879,12.68,low
2019/11/13,1.54,1.55,1.88,257.879,13,low
2019/11/14,1.54,1.55,1.82,257.879,13.05,low
2019/11/15,1.54,1.55,1.84,257.879,12.05,low
2019/11/18,1.54,1.55,1.81,257.879,12.46,low
2019/11/19,1.54,1.55,1.79,257.879,12.86,low
2019/11/20,1.54,1.55,1.73,257.879,12.78,low
2019/11/21,1.55,1.55,1.77,257.879,13.13,low
2019/11/22,1.55,1.55,1.77,257.879,12.34,low
2019/11/25,1.58,1.55,1.76,257.879,11.87,low
2019/11/26,1.57,1.55,1.74,257.879,11.54,low
2019/11/27,1.59,1.55,1.77,257.879,11.75,low
2019/11/29,1.56,1.56,1.78,257.879,12.62,low
2019/12/2,1.57,1.56,1.83,258.63,14.91,low
2019/12/3,1.54,1.55,1.72,258.63,15.96,medium
2019/12/4,1.52,1.55,1.77,258.63,14.8,low
2019/12/5,1.51,1.55,1.8,258.63,14.52,low
2019/12/6,1.5,1.55,1.84,258.63,13.62,low
2019/12/9,1.51,1.55,1.83,258.63,15.86,medium
2019/12/10,1.53,1.55,1.85,258.63,15.68,medium
2019/12/11,1.54,1.55,1.79,258.63,14.99,low
2019/12/12,1.53,1.55,1.9,258.63,13.94,low
2019/12/13,1.54,1.55,1.82,258.63,12.63,low
2019/12/16,1.54,1.56,1.89,258.63,12.14,low
2019/12/17,1.53,1.55,1.89,258.63,12.29,low
2019/12/18,1.53,1.55,1.92,258.63,12.58,low
2019/12/19,1.54,1.55,1.92,258.63,12.5,low
2019/12/20,1.55,1.55,1.92,258.63,12.51,low
2019/12/23,1.56,1.55,1.93,258.63,12.61,low
2019/12/24,1.55,1.55,1.9,258.63,12.67,low
2019/12/26,1.55,1.55,1.9,258.63,12.65,low
2019/12/27,1.54,1.55,1.88,258.63,13.43,low
2019/12/30,1.54,1.55,1.9,258.63,14.82,low
2019/12/31,1.52,1.55,1.92,258.63,13.78,low
2020/1/2,1.51,1.55,1.88,259.127,12.47,low
2020/1/3,1.49,1.55,1.8,259.127,14.02,low
2020/1/6,1.53,1.55,1.81,259.127,13.85,low
2020/1/7,1.51,1.55,1.83,259.127,13.79,low
2020/1/8,1.51,1.55,1.87,259.127,13.45,low
2020/1/9,1.51,1.55,1.85,259.127,12.54,low
2020/1/10,1.51,1.54,1.83,259.127,12.56,low
2020/1/13,1.54,1.54,1.85,259.127,12.32,low
2020/1/14,1.54,1.54,1.82,259.127,12.39,low
2020/1/15,1.54,1.54,1.79,259.127,12.42,low
2020/1/16,1.52,1.54,1.81,259.127,12.32,low
2020/1/17,1.53,1.55,1.84,259.127,12.1,low
2020/1/21,1.53,1.55,1.78,259.127,12.85,low
2020/1/22,1.52,1.55,1.77,259.127,12.91,low
2020/1/23,1.52,1.55,1.74,259.127,12.98,low
2020/1/24,1.51,1.55,1.7,259.127,14.56,low
2020/1/27,1.52,1.55,1.61,259.127,18.23,medium
2020/1/28,1.54,1.55,1.65,259.127,16.28,medium
2020/1/29,1.53,1.55,1.6,259.127,16.39,medium
2020/1/30,1.54,1.6,1.57,259.127,15.49,medium
2020/1/31,1.52,1.59,1.51,259.127,18.84,medium
2020/2/3,1.54,1.59,1.54,259.25,17.97,medium
2020/2/4,1.54,1.59,1.61,259.25,16.05,medium
2020/2/5,1.54,1.59,1.66,259.25,15.15,medium
2020/2/6,1.54,1.59,1.65,259.25,14.96,low
2020/2/7,1.53,1.58,1.59,259.25,15.47,medium
2020/2/10,1.55,1.58,1.56,259.25,15.04,medium
2020/2/11,1.54,1.58,1.59,259.25,15.18,medium
2020/2/12,1.55,1.58,1.62,259.25,13.74,low
2020/2/13,1.56,1.58,1.61,259.25,14.15,low
2020/2/14,1.55,1.58,1.59,259.25,13.68,low
2020/2/18,1.55,1.59,1.55,259.25,14.83,low
2020/2/19,1.55,1.59,1.56,259.25,14.38,low
2020/2/20,1.55,1.59,1.52,259.25,15.56,medium
2020/2/21,1.53,1.58,1.46,259.25,17.08,medium
2020/2/24,1.5,1.58,1.38,259.25,25.03,high
2020/2/25,1.5,1.58,1.33,259.25,27.85,high
2020/2/26,1.5,1.58,1.33,259.25,27.56,high
2020/2/27,1.42,1.58,1.3,259.25,39.16,extreme
2020/2/28,1.25,1.58,1.13,259.25,40.11,extreme
2020/3/2,1.1,1.59,1.1,258.076,33.42,high
2020/3/3,0.93,1.59,1.02,258.076,36.82,extreme
2020/3/4,0.71,1.09,1.02,258.076,31.99,high
2020/3/5,0.61,1.09,0.92,258.076,39.62,extreme
2020/3/6,0.45,1.09,0.74,258.076,41.94,extreme
2020/3/9,0.32,1.09,0.54,258.076,54.46,extreme
2020/3/10,0.43,1.09,0.76,258.076,47.3,extreme
2020/3/11,0.41,1.09,0.82,258.076,53.9,extreme
2020/3/12,0.33,1.1,0.88,258.076,75.47,extreme
2020/3/13,0.27,1.1,0.94,258.076,57.83,extreme
2020/3/16,0.24,0.25,0.73,258.076,82.69,extreme
2020/3/17,0.19,0.25,1.02,258.076,75.91,extreme
2020/3/18,0.02,0.25,1.18,258.076,76.45,extreme
2020/3/19,0.04,0.2,1.12,258.076,72,extreme
2020/3/20,0.05,0.15,0.92,258.076,66.04,extreme
2020/3/23,0.02,0.15,0.76,258.076,61.59,extreme
2020/3/24,0.01,0.12,0.84,258.076,61.67,extreme
2020/3/25,-0.04,0.1,0.88,258.076,63.95,extreme
2020/3/26,-0.05,0.1,0.83,258.076,61,extreme
2020/3/27,0.03,0.1,0.72,258.076,65.54,extreme
2020/3/30,0.12,0.09,0.7,258.076,57.08,extreme
2020/3/31,0.11,0.08,0.7,258.076,53.54,extreme
2020/4/1,0.09,0.06,0.62,256.032,57.06,extreme
2020/4/2,0.09,0.05,0.63,256.032,50.91,extreme
2020/4/3,0.1,0.05,0.62,256.032,46.8,extreme
2020/4/6,0.15,0.05,0.67,256.032,45.24,extreme
2020/4/7,0.14,0.05,0.75,256.032,46.7,extreme
2020/4/8,0.22,0.05,0.77,256.032,43.35,extreme
2020/4/9,0.25,0.05,0.73,256.032,41.67,extreme
2020/4/13,0.26,0.05,0.76,256.032,41.17,extreme
2020/4/14,0.2,0.05,0.76,256.032,37.76,extreme
2020/4/15,0.14,0.05,0.63,256.032,40.84,extreme
2020/4/16,0.14,0.05,0.61,256.032,40.11,extreme
2020/4/17,0.12,0.05,0.65,256.032,38.15,extreme
2020/4/20,0.12,0.05,0.63,256.032,43.83,extreme
2020/4/21,0.11,0.05,0.58,256.032,45.41,extreme
2020/4/22,0.12,0.05,0.63,256.032,41.98,extreme
2020/4/23,0.11,0.04,0.61,256.032,41.38,extreme
2020/4/24,0.12,0.05,0.6,256.032,35.93,extreme
2020/4/27,0.12,0.04,0.67,256.032,33.29,high
2020/4/28,0.11,0.04,0.62,256.032,33.57,high
2020/4/29,0.1,0.04,0.63,256.032,31.23,high
2020/4/30,0.09,0.05,0.64,256.032,34.15,high
2020/5/1,0.12,0.05,0.64,255.802,37.19,extreme
2020/5/4,0.13,0.05,0.64,255.802,35.97,extreme
2020/5/5,0.13,0.05,0.66,255.802,33.61,high
2020/5/6,0.12,0.05,0.72,255.802,34.12,high
2020/5/7,0.11,0.05,0.63,255.802,31.44,high
2020/5/8,0.12,0.05,0.69,255.802,27.98,high
2020/5/11,0.12,0.05,0.73,255.802,27.57,high
2020/5/12,0.13,0.05,0.69,255.802,33.04,high
2020/5/13,0.13,0.05,0.64,255.802,35.28,extreme
2020/5/14,0.12,0.05,0.63,255.802,32.61,high
2020/5/15,0.12,0.05,0.64,255.802,31.89,high
2020/5/18,0.13,0.05,0.73,255.802,29.3,high
2020/5/19,0.13,0.05,0.7,255.802,30.53,high
2020/5/20,0.12,0.05,0.68,255.802,27.99,high
2020/5/21,0.12,0.05,0.68,255.802,29.53,high
2020/5/22,0.12,0.05,0.66,255.802,28.16,high
2020/5/26,0.14,0.05,0.69,255.802,28.01,high
2020/5/27,0.15,0.05,0.68,255.802,27.62,high
2020/5/28,0.15,0.05,0.7,255.802,28.59,high
2020/5/29,0.14,0.05,0.65,255.802,27.51,high
2020/6/1,0.14,0.05,0.66,257.042,28.23,high
2020/6/2,0.15,0.06,0.68,257.042,26.84,high
2020/6/3,0.16,0.06,0.77,257.042,25.66,high
2020/6/4,0.15,0.06,0.82,257.042,25.81,high
2020/6/5,0.15,0.07,0.91,257.042,24.52,medium
2020/6/8,0.17,0.07,0.88,257.042,25.81,high
2020/6/9,0.19,0.07,0.84,257.042,27.57,high
2020/6/10,0.17,0.08,0.75,257.042,27.57,high
2020/6/11,0.17,0.08,0.66,257.042,40.79,extreme
2020/6/12,0.16,0.08,0.71,257.042,36.09,extreme
2020/6/15,0.18,0.09,0.71,257.042,34.4,high
2020/6/16,0.17,0.09,0.75,257.042,33.67,high
2020/6/17,0.17,0.09,0.74,257.042,33.47,high
2020/6/18,0.16,0.09,0.71,257.042,32.94,high
2020/6/19,0.15,0.09,0.7,257.042,35.12,extreme
2020/6/22,0.16,0.08,0.71,257.042,31.77,high
2020/6/23,0.16,0.08,0.72,257.042,31.37,high
2020/6/24,0.15,0.08,0.69,257.042,33.84,high
2020/6/25,0.16,0.08,0.68,257.042,32.22,high
2020/6/26,0.14,0.08,0.64,257.042,34.73,high
2020/6/29,0.14,0.08,0.64,257.042,31.78,high
2020/6/30,0.16,0.08,0.66,257.042,30.43,high
2020/7/1,0.14,0.08,0.69,258.352,28.62,high
2020/7/2,0.14,0.09,0.68,258.352,27.68,high
2020/7/6,0.15,0.09,0.69,258.352,27.94,high
2020/7/7,0.15,0.09,0.65,258.352,29.43,high
2020/7/8,0.15,0.09,0.67,258.352,28.08,high
2020/7/9,0.13,0.09,0.62,258.352,29.26,high
2020/7/10,0.13,0.09,0.65,258.352,27.29,high
2020/7/13,0.14,0.09,0.64,258.352,32.19,high
2020/7/14,0.15,0.09,0.63,258.352,29.52,high
2020/7/15,0.16,0.1,0.64,258.352,27.76,high
2020/7/16,0.11,0.1,0.62,258.352,28,high
2020/7/17,0.11,0.09,0.64,258.352,25.68,high
2020/7/20,0.13,0.1,0.62,258.352,24.46,medium
2020/7/21,0.13,0.1,0.61,258.352,24.84,medium
2020/7/22,0.13,0.09,0.6,258.352,24.32,medium
2020/7/23,0.12,0.09,0.59,258.352,26.08,high
2020/7/24,0.11,0.09,0.59,258.352,25.84,high
2020/7/27,0.11,0.1,0.62,258.352,24.74,medium
2020/7/28,0.11,0.1,0.59,258.352,25.44,high
2020/7/29,0.11,0.1,0.58,258.352,24.1,medium
2020/7/30,0.09,0.1,0.55,258.352,24.76,medium
2020/7/31,0.09,0.1,0.55,258.352,24.46,medium
2020/8/3,0.1,0.1,0.56,259.316,24.28,medium
2020/8/4,0.09,0.1,0.52,259.316,23.76,medium
2020/8/5,0.1,0.1,0.55,259.316,22.99,medium
2020/8/6,0.1,0.1,0.55,259.316,22.65,medium
2020/8/7,0.1,0.1,0.57,259.316,22.21,medium
2020/8/10,0.11,0.1,0.59,259.316,22.13,medium
2020/8/11,0.11,0.1,0.64,259.316,24.03,medium
2020/8/12,0.11,0.1,0.69,259.316,22.28,medium
2020/8/13,0.1,0.1,0.71,259.316,22.13,medium
2020/8/14,0.1,0.1,0.71,259.316,22.05,medium
2020/8/17,0.1,0.1,0.69,259.316,21.35,medium
2020/8/18,0.09,0.09,0.67,259.316,21.51,medium
2020/8/19,0.11,0.09,0.68,259.316,22.54,medium
2020/8/20,0.11,0.09,0.65,259.316,22.72,medium
2020/8/21,0.1,0.09,0.64,259.316,22.54,medium
2020/8/24,0.12,0.09,0.65,259.316,22.37,medium
2020/8/25,0.11,0.09,0.69,259.316,22.03,medium
2020/8/26,0.11,0.09,0.69,259.316,23.27,medium
2020/8/27,0.11,0.08,0.74,259.316,24.47,medium
2020/8/28,0.1,0.09,0.74,259.316,22.96,medium
2020/8/31,0.11,0.09,0.72,259.316,26.41,high
2020/9/1,0.12,0.09,0.68,259.997,26.12,high
2020/9/2,0.12,0.09,0.66,259.997,26.57,high
2020/9/3,0.11,0.09,0.63,259.997,33.6,high
2020/9/4,0.11,0.09,0.72,259.997,30.75,high
2020/9/8,0.13,0.09,0.69,259.997,31.46,high
2020/9/9,0.12,0.09,0.71,259.997,28.81,high
2020/9/10,0.12,0.09,0.68,259.997,29.71,high
2020/9/11,0.11,0.09,0.67,259.997,26.87,high
2020/9/14,0.11,0.09,0.68,259.997,25.85,high
2020/9/15,0.11,0.09,0.68,259.997,25.59,high
2020/9/16,0.12,0.09,0.69,259.997,26.04,high
2020/9/17,0.09,0.09,0.69,259.997,26.46,high
2020/9/18,0.1,0.09,0.7,259.997,25.83,high
2020/9/21,0.1,0.09,0.68,259.997,27.78,high
2020/9/22,0.1,0.09,0.68,259.997,26.86,high
2020/9/23,0.11,0.09,0.68,259.997,28.58,high
2020/9/24,0.1,0.09,0.67,259.997,28.51,high
2020/9/25,0.1,0.09,0.66,259.997,26.38,high
2020/9/28,0.11,0.09,0.67,259.997,26.19,high
2020/9/29,0.09,0.09,0.66,259.997,26.27,high
2020/9/30,0.1,0.09,0.69,259.997,26.37,high
2020/10/1,0.09,0.09,0.68,260.319,26.7,high
2020/10/2,0.09,0.09,0.7,260.319,27.63,high
2020/10/5,0.1,0.09,0.78,260.319,27.96,high
2020/10/6,0.1,0.09,0.76,260.319,29.48,high
2020/10/7,0.1,0.09,0.81,260.319,28.06,high
2020/10/8,0.09,0.09,0.78,260.319,26.36,high
2020/10/9,0.1,0.09,0.79,260.319,25,high
2020/10/13,0.11,0.09,0.74,260.319,26.07,high
2020/10/14,0.12,0.09,0.73,260.319,26.4,high
2020/10/15,0.11,0.09,0.74,260.319,26.97,high
2020/10/16,0.11,0.09,0.76,260.319,27.41,high
2020/10/19,0.11,0.09,0.78,260.319,29.18,high
2020/10/20,0.1,0.09,0.81,260.319,29.35,high
2020/10/21,0.1,0.09,0.83,260.319,28.65,high
2020/10/22,0.09,0.09,0.87,260.319,28.11,high
2020/10/23,0.1,0.09,0.85,260.319,27.55,high
2020/10/26,0.11,0.09,0.81,260.319,32.46,high
2020/10/27,0.1,0.09,0.79,260.319,33.35,high
2020/10/28,0.1,0.09,0.79,260.319,40.28,extreme
2020/10/29,0.09,0.09,0.85,260.319,37.59,extreme
2020/10/30,0.09,0.09,0.88,260.319,38.02,extreme
2020/11/2,0.09,0.09,0.87,260.911,37.13,extreme
2020/11/3,0.1,0.09,0.9,260.911,35.55,extreme
2020/11/4,0.1,0.09,0.78,260.911,29.57,high
2020/11/5,0.1,0.09,0.79,260.911,27.58,high
2020/11/6,0.1,0.09,0.83,260.911,24.86,medium
2020/11/9,0.11,0.09,0.96,260.911,25.75,high
2020/11/10,0.1,0.09,0.98,260.911,24.8,medium
2020/11/12,0.1,0.09,0.88,260.911,25.35,high
2020/11/13,0.09,0.09,0.89,260.911,23.1,medium
2020/11/16,0.09,0.09,0.91,260.911,22.45,medium
2020/11/17,0.09,0.09,0.87,260.911,22.71,medium
2020/11/18,0.09,0.09,0.88,260.911,23.84,medium
2020/11/19,0.07,0.08,0.86,260.911,23.11,medium
2020/11/20,0.07,0.08,0.83,260.911,23.7,medium
2020/11/23,0.08,0.08,0.86,260.911,22.66,medium
2020/11/24,0.09,0.08,0.88,260.911,21.64,medium
2020/11/25,0.09,0.08,0.88,260.911,21.25,medium
2020/11/27,0.09,0.08,0.84,260.911,20.84,medium
2020/11/30,0.08,0.09,0.84,260.911,20.57,medium
2020/12/1,0.09,0.09,0.92,262.045,20.77,medium
2020/12/2,0.09,0.09,0.95,262.045,21.17,medium
2020/12/3,0.08,0.09,0.92,262.045,21.28,medium
2020/12/4,0.09,0.09,0.97,262.045,20.79,medium
2020/12/7,0.08,0.09,0.94,262.045,21.3,medium
2020/12/8,0.09,0.09,0.92,262.045,20.68,medium
2020/12/9,0.08,0.09,0.95,262.045,22.27,medium
2020/12/10,0.08,0.09,0.92,262.045,22.52,medium
2020/12/11,0.08,0.09,0.9,262.045,23.31,medium
2020/12/14,0.09,0.09,0.9,262.045,24.72,medium
2020/12/15,0.08,0.09,0.92,262.045,22.89,medium
2020/12/16,0.09,0.09,0.92,262.045,22.5,medium
2020/12/17,0.08,0.09,0.94,262.045,21.93,medium
2020/12/18,0.08,0.09,0.95,262.045,21.57,medium
2020/12/21,0.09,0.09,0.95,262.045,25.16,high
2020/12/22,0.09,0.09,0.93,262.045,24.23,medium
2020/12/23,0.09,0.09,0.96,262.045,23.31,medium
2020/12/24,0.09,0.09,0.94,262.045,21.53,medium
2020/12/28,0.11,0.09,0.94,262.045,21.7,medium
2020/12/29,0.1,0.09,0.94,262.045,23.08,medium
2020/12/30,0.08,0.09,0.93,262.045,22.77,medium
2020/12/31,0.09,0.09,0.93,262.045,22.75,medium
2021/1/4,0.09,0.09,0.93,262.687,26.97,high
2021/1/5,0.09,0.09,0.96,262.687,25.34,high
2021/1/6,0.09,0.09,1.04,262.687,25.07,high
2021/1/7,0.09,0.09,1.08,262.687,22.37,medium
2021/1/8,0.08,0.09,1.13,262.687,21.56,medium
2021/1/11,0.08,0.09,1.15,262.687,24.08,medium
2021/1/12,0.09,0.09,1.15,262.687,23.33,medium
2021/1/13,0.09,0.09,1.1,262.687,22.21,medium
2021/1/14,0.09,0.09,1.15,262.687,23.25,medium
2021/1/15,0.09,0.09,1.11,262.687,24.34,medium
2021/1/19,0.09,0.09,1.1,262.687,23.24,medium
2021/1/20,0.08,0.09,1.1,262.687,21.58,medium
2021/1/21,0.09,0.08,1.12,262.687,21.32,medium
2021/1/22,0.08,0.08,1.1,262.687,21.91,medium
2021/1/25,0.09,0.08,1.05,262.687,23.19,medium
2021/1/26,0.07,0.08,1.05,262.687,23.02,medium
2021/1/27,0.08,0.08,1.04,262.687,37.21,extreme
2021/1/28,0.07,0.07,1.07,262.687,30.21,high
2021/1/29,0.06,0.07,1.11,262.687,33.09,high
2021/2/1,0.07,0.08,1.09,263.579,30.24,high
2021/2/2,0.07,0.08,1.12,263.579,25.56,high
2021/2/3,0.04,0.08,1.15,263.579,22.91,medium
2021/2/4,0.04,0.08,1.15,263.579,21.77,medium
2021/2/5,0.03,0.08,1.19,263.579,20.87,medium
2021/2/8,0.05,0.07,1.19,263.579,21.24,medium
2021/2/9,0.04,0.08,1.18,263.579,21.63,medium
2021/2/10,0.05,0.08,1.15,263.579,21.99,medium
2021/2/11,0.05,0.08,1.16,263.579,21.25,medium
2021/2/12,0.04,0.08,1.2,263.579,19.97,medium
2021/2/16,0.04,0.08,1.3,263.579,21.46,medium
2021/2/17,0.04,0.08,1.29,263.579,21.5,medium
2021/2/18,0.03,0.07,1.29,263.579,22.49,medium
2021/2/19,0.04,0.07,1.34,263.579,22.05,medium
2021/2/22,0.03,0.07,1.37,263.579,23.45,medium
2021/2/23,0.04,0.07,1.37,263.579,23.11,medium
2021/2/24,0.03,0.07,1.38,263.579,21.34,medium
2021/2/25,0.04,0.07,1.54,263.579,28.89,high
2021/2/26,0.04,0.07,1.44,263.579,27.95,high
2021/3/1,0.05,0.07,1.45,264.961,23.35,medium
2021/3/2,0.04,0.07,1.42,264.961,24.1,medium
2021/3/3,0.05,0.07,1.47,264.961,26.67,high
2021/3/4,0.04,0.07,1.54,264.961,28.57,high
2021/3/5,0.04,0.07,1.56,264.961,24.66,medium
2021/3/8,0.05,0.07,1.59,264.961,25.47,high
2021/3/9,0.05,0.07,1.55,264.961,24.03,medium
2021/3/10,0.04,0.07,1.53,264.961,22.56,medium
2021/3/11,0.04,0.07,1.54,264.961,21.91,medium
2021/3/12,0.04,0.07,1.64,264.961,20.69,medium
2021/3/15,0.04,0.07,1.62,264.961,20.03,medium
2021/3/16,0.02,0.07,1.62,264.961,19.79,medium
2021/3/17,0.02,0.07,1.63,264.961,19.23,medium
2021/3/18,0.01,0.07,1.71,264.961,21.58,medium
2021/3/19,0.01,0.07,1.74,264.961,20.95,medium
2021/3/22,0.03,0.07,1.69,264.961,18.88,medium
2021/3/23,0.01,0.07,1.63,264.961,20.3,medium
2021/3/24,0.02,0.07,1.62,264.961,21.2,medium
2021/3/25,0.02,0.07,1.63,264.961,19.81,medium
2021/3/26,0.02,0.07,1.67,264.961,18.86,medium
2021/3/29,0.03,0.07,1.73,264.961,20.74,medium
2021/3/30,0.02,0.07,1.73,264.961,19.61,medium
2021/3/31,0.03,0.06,1.74,264.961,19.4,medium
2021/4/1,0.02,0.07,1.69,266.614,17.33,medium
2021/4/5,0.03,0.07,1.73,266.614,17.91,medium
2021/4/6,0.02,0.07,1.67,266.614,18.12,medium
2021/4/7,0.02,0.07,1.68,266.614,17.16,medium
2021/4/8,0.01,0.07,1.64,266.614,16.95,medium
2021/4/9,0.02,0.07,1.67,266.614,16.69,medium
2021/4/12,0.02,0.07,1.69,266.614,16.91,medium
2021/4/13,0.03,0.07,1.64,266.614,16.65,medium
2021/4/14,0.02,0.07,1.64,266.614,16.99,medium
2021/4/15,0.02,0.07,1.56,266.614,16.57,medium
2021/4/16,0.02,0.07,1.59,266.614,16.25,medium
2021/4/19,0.02,0.07,1.61,266.614,17.29,medium
2021/4/20,0.03,0.07,1.58,266.614,18.68,medium
2021/4/21,0.03,0.07,1.57,266.614,17.5,medium
2021/4/22,0.03,0.07,1.57,266.614,18.71,medium
2021/4/23,0.03,0.07,1.58,266.614,17.33,medium
2021/4/26,0.03,0.07,1.58,266.614,17.64,medium
2021/4/27,0.01,0.07,1.63,266.614,17.56,medium
2021/4/28,0.01,0.07,1.63,266.614,17.28,medium
2021/4/29,0.01,0.06,1.65,266.614,17.61,medium
2021/4/30,0.01,0.05,1.65,266.614,18.61,medium
2021/5/3,0.04,0.06,1.63,268.383,18.31,medium
2021/5/4,0.02,0.06,1.61,268.383,19.48,medium
2021/5/5,0.02,0.06,1.59,268.383,19.15,medium
2021/5/6,0.02,0.06,1.58,268.383,18.39,medium
2021/5/7,0.02,0.06,1.6,268.383,16.69,medium
2021/5/10,0.02,0.06,1.63,268.383,19.66,medium
2021/5/11,0.01,0.06,1.64,268.383,21.84,medium
2021/5/12,0.02,0.06,1.69,268.383,27.59,high
2021/5/13,0.02,0.06,1.66,268.383,23.13,medium
2021/5/14,0.01,0.06,1.63,268.383,18.81,medium
2021/5/17,0.02,0.06,1.64,268.383,19.72,medium
2021/5/18,0.02,0.06,1.64,268.383,21.34,medium
2021/5/19,0.01,0.06,1.68,268.383,22.18,medium
2021/5/20,0.01,0.06,1.63,268.383,20.67,medium
2021/5/21,0.01,0.06,1.63,268.383,20.15,medium
2021/5/24,0.02,0.06,1.61,268.383,18.4,medium
2021/5/25,0.02,0.06,1.56,268.383,18.84,medium
2021/5/26,0.02,0.06,1.58,268.383,17.36,medium
2021/5/27,0.02,0.06,1.61,268.383,16.74,medium
2021/5/28,0.01,0.05,1.58,268.383,16.76,medium
2021/6/1,0.02,0.06,1.62,270.654,17.9,medium
2021/6/2,0.02,0.06,1.59,270.654,17.48,medium
2021/6/3,0.02,0.06,1.63,270.654,18.04,medium
2021/6/4,0.02,0.06,1.56,270.654,16.42,medium
2021/6/7,0.02,0.06,1.57,270.654,16.42,medium
2021/6/8,0.02,0.06,1.53,270.654,17.07,medium
2021/6/9,0.03,0.06,1.5,270.654,17.89,medium
2021/6/10,0.03,0.06,1.45,270.654,16.1,medium
2021/6/11,0.03,0.06,1.47,270.654,15.65,medium
2021/6/14,0.03,0.06,1.51,270.654,16.39,medium
2021/6/15,0.03,0.06,1.51,270.654,17.02,medium
2021/6/16,0.04,0.06,1.57,270.654,18.15,medium
2021/6/17,0.04,0.1,1.52,270.654,17.75,medium
2021/6/18,0.05,0.1,1.45,270.654,20.7,medium
2021/6/21,0.05,0.1,1.5,270.654,17.89,medium
2021/6/22,0.04,0.1,1.48,270.654,16.66,medium
2021/6/23,0.05,0.1,1.5,270.654,16.32,medium
2021/6/24,0.05,0.1,1.49,270.654,15.97,medium
2021/6/25,0.06,0.1,1.54,270.654,15.62,medium
2021/6/28,0.05,0.1,1.49,270.654,15.76,medium
2021/6/29,0.04,0.1,1.49,270.654,16.02,medium
2021/6/30,0.05,0.08,1.45,270.654,15.83,medium
2021/7/1,0.05,0.1,1.48,271.903,15.48,medium
2021/7/2,0.05,0.1,1.44,271.903,15.07,medium
2021/7/6,0.05,0.1,1.37,271.903,16.44,medium
2021/7/7,0.05,0.1,1.33,271.903,16.2,medium
2021/7/8,0.06,0.1,1.3,271.903,19,medium
2021/7/9,0.06,0.1,1.37,271.903,16.18,medium
2021/7/12,0.05,0.1,1.38,271.903,16.17,medium
2021/7/13,0.05,0.1,1.42,271.903,17.12,medium
2021/7/14,0.06,0.1,1.37,271.903,16.33,medium
2021/7/15,0.05,0.1,1.31,271.903,17.01,medium
2021/7/16,0.05,0.1,1.31,271.903,18.45,medium
2021/7/19,0.05,0.1,1.19,271.903,22.5,medium
2021/7/20,0.05,0.1,1.23,271.903,19.73,medium
2021/7/21,0.05,0.1,1.3,271.903,17.91,medium
2021/7/22,0.05,0.1,1.27,271.903,17.69,medium
2021/7/23,0.05,0.1,1.3,271.903,17.2,medium
2021/7/26,0.05,0.1,1.29,271.903,17.58,medium
2021/7/27,0.05,0.1,1.25,271.903,19.36,medium
2021/7/28,0.05,0.1,1.26,271.903,18.31,medium
2021/7/29,0.06,0.1,1.28,271.903,17.7,medium
2021/7/30,0.06,0.07,1.24,271.903,18.24,medium
2021/8/2,0.05,0.1,1.2,272.676,19.46,medium
2021/8/3,0.05,0.1,1.19,272.676,18.04,medium
2021/8/4,0.05,0.1,1.19,272.676,17.97,medium
2021/8/5,0.05,0.1,1.23,272.676,17.28,medium
2021/8/6,0.06,0.1,1.31,272.676,16.15,medium
2021/8/9,0.06,0.1,1.33,272.676,16.72,medium
2021/8/10,0.05,0.1,1.36,272.676,16.79,medium
2021/8/11,0.05,0.1,1.35,272.676,16.06,medium
2021/8/12,0.06,0.1,1.36,272.676,15.59,medium
2021/8/13,0.06,0.1,1.29,272.676,15.45,medium
2021/8/16,0.06,0.1,1.26,272.676,16.12,medium
2021/8/17,0.07,0.1,1.26,272.676,17.91,medium
2021/8/18,0.07,0.09,1.27,272.676,21.57,medium
2021/8/19,0.06,0.09,1.24,272.676,21.67,medium
2021/8/20,0.05,0.09,1.26,272.676,18.56,medium
2021/8/23,0.05,0.09,1.25,272.676,17.15,medium
2021/8/24,0.05,0.09,1.29,272.676,17.22,medium
2021/8/25,0.06,0.09,1.35,272.676,16.79,medium
2021/8/26,0.05,0.09,1.34,272.676,18.84,medium
2021/8/27,0.05,0.08,1.31,272.676,16.39,medium
2021/8/30,0.05,0.08,1.29,272.676,16.19,medium
2021/8/31,0.04,0.06,1.3,272.676,16.48,medium
2021/9/1,0.05,0.08,1.31,273.91,16.11,medium
2021/9/2,0.05,0.08,1.29,273.91,16.41,medium
2021/9/3,0.05,0.08,1.33,273.91,16.41,medium
2021/9/7,0.05,0.08,1.38,273.91,18.14,medium
2021/9/8,0.05,0.08,1.35,273.91,17.96,medium
2021/9/9,0.04,0.08,1.3,273.91,18.8,medium
2021/9/10,0.05,0.08,1.35,273.91,20.95,medium
2021/9/13,0.06,0.08,1.33,273.91,19.37,medium
2021/9/14,0.04,0.08,1.28,273.91,19.46,medium
2021/9/15,0.04,0.08,1.31,273.91,18.18,medium
2021/9/16,0.04,0.08,1.34,273.91,18.69,medium
2021/9/17,0.04,0.08,1.37,273.91,20.81,medium
2021/9/20,0.04,0.08,1.31,273.91,25.71,high
2021/9/21,0.03,0.08,1.33,273.91,24.36,medium
2021/9/22,0.03,0.08,1.32,273.91,20.87,medium
2021/9/23,0.03,0.08,1.41,273.91,18.63,medium
2021/9/24,0.03,0.08,1.47,273.91,17.75,medium
2021/9/27,0.04,0.08,1.48,273.91,18.76,medium
2021/9/28,0.04,0.08,1.54,273.91,23.25,medium
2021/9/29,0.04,0.08,1.55,273.91,22.56,medium
2021/9/30,0.04,0.06,1.52,273.91,23.14,medium
2021/10/1,0.04,0.08,1.48,276.55,21.15,medium
2021/10/4,0.04,0.08,1.49,276.55,22.96,medium
2021/10/5,0.04,0.08,1.54,276.55,21.3,medium
2021/10/6,0.04,0.08,1.53,276.55,21,medium
2021/10/7,0.05,0.08,1.58,276.55,19.54,medium
2021/10/8,0.05,0.08,1.61,276.55,18.77,medium
2021/10/12,0.06,0.08,1.59,276.55,19.85,medium
2021/10/13,0.05,0.08,1.56,276.55,18.64,medium
2021/10/14,0.05,0.08,1.52,276.55,16.86,medium
2021/10/15,0.05,0.08,1.59,276.55,16.3,medium
2021/10/18,0.06,0.08,1.59,276.55,16.31,medium
2021/10/19,0.05,0.08,1.65,276.55,15.7,medium
2021/10/20,0.05,0.08,1.65,276.55,15.49,medium
2021/10/21,0.06,0.08,1.68,276.55,15.01,medium
2021/10/22,0.06,0.08,1.66,276.55,15.43,medium
2021/10/25,0.06,0.08,1.64,276.55,15.24,medium
2021/10/26,0.06,0.08,1.63,276.55,15.98,medium
2021/10/27,0.06,0.08,1.54,276.55,16.98,medium
2021/10/28,0.06,0.08,1.57,276.55,16.53,medium
2021/10/29,0.05,0.07,1.55,276.55,16.26,medium
2021/11/1,0.05,0.08,1.58,278.919,16.41,medium
2021/11/2,0.05,0.08,1.56,278.919,16.03,medium
2021/11/3,0.05,0.08,1.6,278.919,15.1,medium
2021/11/4,0.04,0.08,1.53,278.919,15.44,medium
2021/11/5,0.05,0.08,1.45,278.919,16.48,medium
2021/11/8,0.06,0.08,1.51,278.919,17.22,medium
2021/11/9,0.04,0.08,1.46,278.919,17.78,medium
2021/11/10,0.05,0.08,1.56,278.919,18.73,medium
2021/11/12,0.05,0.08,1.58,278.919,16.29,medium
2021/11/15,0.05,0.08,1.63,278.919,16.49,medium
2021/11/16,0.05,0.08,1.63,278.919,16.37,medium
2021/11/17,0.05,0.08,1.6,278.919,17.11,medium
2021/11/18,0.05,0.08,1.59,278.919,17.59,medium
2021/11/19,0.05,0.08,1.54,278.919,17.91,medium
2021/11/22,0.05,0.08,1.63,278.919,19.17,medium
2021/11/23,0.06,0.08,1.67,278.919,19.38,medium
2021/11/24,0.06,0.08,1.64,278.919,18.58,medium
2021/11/26,0.06,0.08,1.48,278.919,28.62,high
2021/11/29,0.06,0.08,1.52,278.919,22.96,medium
2021/11/30,0.05,0.07,1.43,278.919,27.19,high
2021/12/1,0.06,0.08,1.43,280.845,31.12,high
2021/12/2,0.05,0.08,1.44,280.845,27.95,high
2021/12/3,0.06,0.08,1.35,280.845,30.67,high
2021/12/6,0.06,0.08,1.43,280.845,27.18,high
2021/12/7,0.06,0.08,1.48,280.845,21.89,medium
2021/12/8,0.07,0.08,1.52,280.845,19.9,medium
2021/12/9,0.06,0.08,1.49,280.845,21.58,medium
2021/12/10,0.06,0.08,1.48,280.845,18.69,medium
2021/12/13,0.05,0.08,1.42,280.845,20.31,medium
2021/12/14,0.05,0.08,1.44,280.845,21.89,medium
2021/12/15,0.06,0.08,1.47,280.845,19.29,medium
2021/12/16,0.05,0.08,1.44,280.845,20.57,medium
2021/12/17,0.05,0.08,1.41,280.845,21.57,medium
2021/12/20,0.07,0.08,1.43,280.845,22.87,medium
2021/12/21,0.07,0.08,1.48,280.845,21.01,medium
2021/12/22,0.08,0.08,1.46,280.845,18.63,medium
2021/12/23,0.08,0.08,1.5,280.845,17.96,medium
2021/12/27,0.06,0.08,1.48,280.845,17.68,medium
2021/12/28,0.06,0.08,1.49,280.845,17.54,medium
2021/12/29,0.05,0.08,1.55,280.845,16.95,medium
2021/12/30,0.05,0.08,1.52,280.845,17.33,medium
2021/12/31,0.06,0.07,1.52,280.845,17.22,medium
2022/1/3,0.09,0.08,1.63,282.543,16.6,medium
2022/1/4,0.08,0.08,1.66,282.543,16.91,medium
2022/1/5,0.09,0.08,1.71,282.543,19.73,medium
2022/1/6,0.1,0.08,1.73,282.543,19.61,medium
2022/1/7,0.1,0.08,1.76,282.543,18.76,medium
2022/1/10,0.13,0.08,1.78,282.543,19.4,medium
2022/1/11,0.12,0.08,1.75,282.543,18.41,medium
2022/1/12,0.12,0.08,1.74,282.543,17.62,medium
2022/1/13,0.12,0.08,1.7,282.543,20.31,medium
2022/1/14,0.13,0.08,1.78,282.543,19.19,medium
2022/1/18,0.17,0.08,1.87,282.543,22.79,medium
2022/1/19,0.17,0.08,1.83,282.543,23.85,medium
2022/1/20,0.18,0.08,1.83,282.543,25.59,high
2022/1/21,0.17,0.08,1.75,282.543,28.85,high
2022/1/24,0.2,0.08,1.75,282.543,29.9,high
2022/1/25,0.2,0.08,1.78,282.543,31.16,high
2022/1/26,0.19,0.08,1.85,282.543,31.96,high
2022/1/27,0.2,0.08,1.81,282.543,30.49,high
2022/1/28,0.19,0.08,1.78,282.543,27.66,high
2022/1/31,0.24,0.08,1.79,282.543,24.83,medium
2022/2/1,0.2,0.08,1.81,284.5,21.96,medium
2022/2/2,0.2,0.08,1.78,284.5,22.09,medium
2022/2/3,0.21,0.08,1.82,284.5,24.35,medium
2022/2/4,0.23,0.08,1.93,284.5,23.22,medium
2022/2/7,0.28,0.08,1.92,284.5,22.86,medium
2022/2/8,0.27,0.08,1.96,284.5,21.44,medium
2022/2/9,0.27,0.08,1.94,284.5,19.96,medium
2022/2/10,0.41,0.08,2.03,284.5,23.91,medium
2022/2/11,0.37,0.08,1.92,284.5,27.36,high
2022/2/14,0.45,0.08,1.98,284.5,28.33,high
2022/2/15,0.41,0.08,2.05,284.5,25.7,high
2022/2/16,0.39,0.08,2.03,284.5,24.29,medium
2022/2/17,0.37,0.08,1.97,284.5,28.11,high
2022/2/18,0.35,0.08,1.92,284.5,27.75,high
2022/2/22,0.39,0.08,1.94,284.5,28.81,high
2022/2/23,0.36,0.08,1.99,284.5,31.02,high
2022/2/24,0.33,0.08,1.96,284.5,30.32,high
2022/2/25,0.33,0.08,1.97,284.5,27.59,high
2022/2/28,0.37,0.08,1.83,284.5,30.15,high
2022/3/1,0.32,0.08,1.72,287.674,33.32,high
2022/3/2,0.33,0.08,1.86,287.674,30.74,high
2022/3/3,0.37,0.08,1.86,287.674,30.48,high
2022/3/4,0.33,0.08,1.74,287.674,31.98,high
2022/3/7,0.38,0.08,1.78,287.674,36.45,extreme
2022/3/8,0.36,0.08,1.86,287.674,35.13,extreme
2022/3/9,0.38,0.08,1.94,287.674,32.45,high
2022/3/10,0.38,0.08,1.98,287.674,30.23,high
2022/3/11,0.39,0.08,2,287.674,30.75,high
2022/3/14,0.45,0.08,2.14,287.674,31.77,high
2022/3/15,0.46,0.08,2.15,287.674,29.83,high
2022/3/16,0.43,0.08,2.19,287.674,26.67,high
2022/3/17,0.4,0.33,2.2,287.674,25.67,high
2022/3/18,0.41,0.33,2.14,287.674,23.87,medium
2022/3/21,0.55,0.33,2.32,287.674,23.53,medium
2022/3/22,0.51,0.33,2.38,287.674,22.94,medium
2022/3/23,0.5,0.33,2.32,287.674,23.57,medium
2022/3/24,0.5,0.33,2.34,287.674,21.67,medium
2022/3/25,0.53,0.33,2.48,287.674,20.81,medium
2022/3/28,0.6,0.33,2.46,287.674,19.63,medium
2022/3/29,0.56,0.33,2.41,287.674,18.9,medium
2022/3/30,0.55,0.33,2.35,287.674,19.33,medium
2022/3/31,0.51,0.33,2.32,287.674,20.56,medium
2022/4/1,0.52,0.33,2.39,288.561,19.63,medium
2022/4/4,0.67,0.33,2.42,288.561,18.57,medium
2022/4/5,0.65,0.33,2.54,288.561,21.03,medium
2022/4/6,0.67,0.33,2.61,288.561,22.1,medium
2022/4/7,0.68,0.33,2.66,288.561,21.55,medium
2022/4/8,0.69,0.33,2.72,288.561,21.16,medium
2022/4/11,0.78,0.33,2.79,288.561,24.37,medium
2022/4/12,0.74,0.33,2.72,288.561,24.26,medium
2022/4/13,0.75,0.33,2.7,288.561,21.82,medium
2022/4/14,0.78,0.33,2.83,288.561,22.7,medium
2022/4/18,0.82,0.33,2.85,288.561,22.17,medium
2022/4/19,0.82,0.33,2.93,288.561,21.37,medium
2022/4/20,0.82,0.33,2.85,288.561,20.32,medium
2022/4/21,0.82,0.33,2.9,288.561,22.68,medium
2022/4/22,0.82,0.33,2.9,288.561,28.21,high
2022/4/25,0.93,0.33,2.81,288.561,27.02,high
2022/4/26,0.84,0.33,2.77,288.561,33.52,high
2022/4/27,0.82,0.33,2.82,288.561,31.6,high
2022/4/28,0.81,0.33,2.85,288.561,29.99,high
2022/4/29,0.83,0.33,2.89,288.561,33.4,high
2022/5/2,0.9,0.33,2.99,291.298,32.34,high
2022/5/3,0.9,0.33,2.97,291.298,29.25,high
2022/5/4,0.88,0.33,2.93,291.298,25.42,high
2022/5/5,0.84,0.83,3.05,291.298,31.2,high
2022/5/6,0.84,0.83,3.12,291.298,30.19,high
2022/5/9,0.92,0.83,3.05,291.298,34.75,high
2022/5/10,0.89,0.83,2.99,291.298,32.99,high
2022/5/11,0.9,0.83,2.91,291.298,32.56,high
2022/5/12,0.95,0.83,2.84,291.298,31.77,high
2022/5/13,1.01,0.83,2.93,291.298,28.87,high
2022/5/16,1.07,0.83,2.88,291.298,27.47,high
2022/5/17,1.06,0.83,2.98,291.298,26.1,high
2022/5/18,1.02,0.83,2.89,291.298,30.96,high
2022/5/19,1.04,0.83,2.84,291.298,29.35,high
2022/5/20,1.01,0.83,2.78,291.298,29.43,high
2022/5/23,1.07,0.83,2.86,291.298,28.48,high
2022/5/24,1.05,0.83,2.76,291.298,29.45,high
2022/5/25,1.05,0.83,2.75,291.298,28.37,high
2022/5/26,1.06,0.83,2.75,291.298,27.5,high
2022/5/27,1.06,0.83,2.74,291.298,25.72,high
2022/5/31,1.13,0.83,2.85,291.298,26.19,high
2022/6/1,1.12,0.83,2.94,294.957,25.69,high
2022/6/2,1.13,0.83,2.92,294.957,24.72,medium
2022/6/3,1.17,0.83,2.96,294.957,24.79,medium
2022/6/6,1.23,0.83,3.04,294.957,25.07,high
2022/6/7,1.24,0.83,2.98,294.957,24.02,medium
2022/6/8,1.25,0.83,3.03,294.957,23.96,medium
2022/6/9,1.26,0.83,3.04,294.957,26.09,high
2022/6/10,1.34,0.83,3.15,294.957,27.75,high
2022/6/13,1.69,0.83,3.43,294.957,34.02,high
2022/6/14,1.78,0.83,3.49,294.957,32.69,high
2022/6/15,1.69,0.83,3.33,294.957,29.62,high
2022/6/16,1.54,1.58,3.28,294.957,32.95,high
2022/6/17,1.58,1.58,3.25,294.957,31.13,high
2022/6/21,1.66,1.58,3.31,294.957,30.19,high
2022/6/22,1.57,1.58,3.16,294.957,28.95,high
2022/6/23,1.59,1.58,3.09,294.957,29.05,high
2022/6/24,1.66,1.58,3.13,294.957,27.23,high
2022/6/27,1.75,1.58,3.2,294.957,26.95,high
2022/6/28,1.75,1.58,3.2,294.957,28.36,high
2022/6/29,1.73,1.58,3.1,294.957,28.16,high
2022/6/30,1.66,1.58,2.98,294.957,28.71,high
2022/7/1,1.66,1.58,2.88,294.913,26.7,high
2022/7/5,1.86,1.58,2.82,294.913,27.54,high
2022/7/6,1.85,1.58,2.93,294.913,26.73,high
2022/7/7,1.89,1.58,3.01,294.913,26.08,high
2022/7/8,1.91,1.58,3.09,294.913,24.64,medium
2022/7/11,2.13,1.58,2.99,294.913,26.17,high
2022/7/12,2.16,1.58,2.96,294.913,27.29,high
2022/7/13,2.33,1.58,2.91,294.913,26.82,high
2022/7/14,2.33,1.58,2.96,294.913,26.4,high
2022/7/15,2.29,1.58,2.93,294.913,24.23,medium
2022/7/18,2.44,1.58,2.96,294.913,25.3,high
2022/7/19,2.46,1.58,3.01,294.913,24.5,medium
2022/7/20,2.44,1.58,3.04,294.913,23.88,medium
2022/7/21,2.4,1.58,2.91,294.913,23.11,medium
2022/7/22,2.41,1.58,2.77,294.913,23.03,medium
2022/7/25,2.55,1.58,2.81,294.913,23.36,medium
2022/7/26,2.48,1.58,2.81,294.913,24.69,medium
2022/7/27,2.37,1.58,2.78,294.913,23.24,medium
2022/7/28,2.35,2.33,2.68,294.913,22.33,medium
2022/7/29,2.34,2.32,2.67,294.913,21.33,medium
2022/8/1,2.48,2.33,2.6,295.097,22.84,medium
2022/8/2,2.48,2.33,2.75,295.097,23.93,medium
2022/8/3,2.44,2.33,2.73,295.097,21.95,medium
2022/8/4,2.41,2.33,2.68,295.097,21.44,medium
2022/8/5,2.48,2.33,2.83,295.097,21.15,medium
2022/8/8,2.57,2.33,2.77,295.097,21.29,medium
2022/8/9,2.58,2.33,2.8,295.097,21.77,medium
2022/8/10,2.56,2.33,2.78,295.097,19.74,medium
2022/8/11,2.52,2.33,2.87,295.097,20.2,medium
2022/8/12,2.53,2.33,2.84,295.097,19.53,medium
2022/8/15,2.63,2.33,2.79,295.097,19.95,medium
2022/8/16,2.61,2.33,2.82,295.097,19.69,medium
2022/8/17,2.59,2.33,2.89,295.097,19.9,medium
2022/8/18,2.61,2.33,2.88,295.097,19.56,medium
2022/8/19,2.64,2.33,2.98,295.097,20.6,medium
2022/8/22,2.74,2.33,3.03,295.097,23.8,medium
2022/8/23,2.71,2.33,3.05,295.097,24.11,medium
2022/8/24,2.73,2.33,3.11,295.097,22.82,medium
2022/8/25,2.78,2.33,3.03,295.097,21.78,medium
2022/8/26,2.78,2.33,3.04,295.097,25.56,high
2022/8/29,2.89,2.33,3.12,295.097,26.21,high
2022/8/30,2.88,2.33,3.11,295.097,26.21,high
2022/8/31,2.87,2.33,3.15,295.097,25.87,high
2022/9/1,2.88,2.33,3.26,296.349,25.56,high
2022/9/2,2.85,2.33,3.2,296.349,25.47,high
2022/9/6,2.96,2.33,3.33,296.349,26.91,high
2022/9/7,2.98,2.33,3.27,296.349,24.64,medium
2022/9/8,2.97,2.33,3.29,296.349,23.61,medium
2022/9/9,2.98,2.33,3.33,296.349,22.79,medium
2022/9/12,3.09,2.33,3.37,296.349,23.87,medium
2022/9/13,3.19,2.33,3.42,296.349,27.27,high
2022/9/14,3.14,2.33,3.41,296.349,26.16,high
2022/9/15,3.12,2.33,3.45,296.349,26.27,high
2022/9/16,3.1,2.33,3.45,296.349,26.3,high
2022/9/19,3.29,2.33,3.49,296.349,25.76,high
2022/9/20,3.26,2.33,3.57,296.349,27.16,high
2022/9/21,3.21,2.33,3.51,296.349,27.99,high
2022/9/22,3.19,3.08,3.7,296.349,27.35,high
2022/9/23,3.12,3.08,3.69,296.349,29.92,high
2022/9/26,3.3,3.08,3.88,296.349,32.26,high
2022/9/27,3.26,3.08,3.97,296.349,32.6,high
2022/9/28,3.29,3.08,3.72,296.349,30.18,high
2022/9/29,3.26,3.08,3.76,296.349,31.84,high
2022/9/30,3.22,3.08,3.83,296.349,31.62,high
2022/10/3,3.34,3.08,3.67,298.007,30.1,high
2022/10/4,3.32,3.08,3.62,298.007,29.07,high
2022/10/5,3.33,3.08,3.76,298.007,28.55,high
2022/10/6,3.32,3.08,3.83,298.007,30.52,high
2022/10/7,3.31,3.08,3.89,298.007,31.36,high
2022/10/11,3.53,3.08,3.93,298.007,33.63,high
2022/10/12,3.56,3.08,3.91,298.007,33.57,high
2022/10/13,3.64,3.08,3.97,298.007,31.94,high
2022/10/14,3.65,3.08,4,298.007,32.02,high
2022/10/17,3.82,3.08,4.02,298.007,31.37,high
2022/10/18,3.89,3.08,4.01,298.007,30.5,high
2022/10/19,3.91,3.08,4.14,298.007,30.76,high
2022/10/20,3.91,3.08,4.24,298.007,29.98,high
2022/10/21,3.9,3.08,4.21,298.007,29.69,high
2022/10/24,4,3.08,4.25,298.007,29.85,high
2022/10/25,3.97,3.08,4.1,298.007,28.46,high
2022/10/26,3.94,3.08,4.04,298.007,27.28,high
2022/10/27,3.95,3.08,3.96,298.007,27.39,high
2022/10/28,3.99,3.08,4.02,298.007,25.75,high
2022/10/31,4.06,3.08,4.1,298.007,25.88,high
2022/11/1,4.06,3.08,4.07,298.786,25.81,high
2022/11/2,4.04,3.08,4.1,298.786,25.86,high
2022/11/3,4.06,3.83,4.14,298.786,25.3,high
2022/11/4,4.02,3.83,4.17,298.786,24.55,medium
2022/11/7,4.12,3.83,4.22,298.786,24.35,medium
2022/11/8,4.1,3.83,4.14,298.786,25.54,high
2022/11/9,4.11,3.83,4.12,298.786,26.09,high
2022/11/10,4.09,3.83,3.82,298.786,23.53,medium
2022/11/14,4.16,3.83,3.88,298.786,23.73,medium
2022/11/15,4.14,3.83,3.8,298.786,24.54,medium
2022/11/16,4.14,3.83,3.67,298.786,24.11,medium
2022/11/17,4.13,3.83,3.77,298.786,23.93,medium
2022/11/18,4.15,3.83,3.82,298.786,23.12,medium
2022/11/21,4.23,3.83,3.83,298.786,22.36,medium
2022/11/22,4.21,3.83,3.76,298.786,21.29,medium
2022/11/23,4.21,3.83,3.71,298.786,20.35,medium
2022/11/25,4.22,3.83,3.68,298.786,20.5,medium
2022/11/28,4.3,3.83,3.69,298.786,22.21,medium
2022/11/29,4.27,3.83,3.75,298.786,21.89,medium
2022/11/30,4.27,3.83,3.68,298.786,20.58,medium
2022/12/1,4.22,3.83,3.53,298.832,19.84,medium
2022/12/2,4.22,3.83,3.51,298.832,19.06,medium
2022/12/5,4.27,3.83,3.6,298.832,20.75,medium
2022/12/6,4.27,3.83,3.51,298.832,22.17,medium
2022/12/7,4.2,3.83,3.42,298.832,22.68,medium
2022/12/8,4.17,3.83,3.48,298.832,22.29,medium
2022/12/9,4.19,3.83,3.57,298.832,22.83,medium
2022/12/12,4.29,3.83,3.61,298.832,25,high
2022/12/13,4.26,3.83,3.51,298.832,22.55,medium
2022/12/14,4.23,3.83,3.49,298.832,21.14,medium
2022/12/15,4.22,4.33,3.44,298.832,22.83,medium
2022/12/16,4.2,4.33,3.48,298.832,22.62,medium
2022/12/19,4.28,4.33,3.57,298.832,22.42,medium
2022/12/20,4.25,4.33,3.69,298.832,21.48,medium
2022/12/21,4.22,4.33,3.68,298.832,20.07,medium
2022/12/22,4.24,4.33,3.67,298.832,21.97,medium
2022/12/23,4.23,4.33,3.75,298.832,20.87,medium
2022/12/27,4.35,4.33,3.84,298.832,21.65,medium
2022/12/28,4.35,4.33,3.88,298.832,22.14,medium
2022/12/29,4.34,4.33,3.83,298.832,21.44,medium
2022/12/30,4.3,4.33,3.88,298.832,21.67,medium
2023/1/3,4.4,4.33,3.79,300.42,22.9,medium
2023/1/4,4.41,4.33,3.69,300.42,22.01,medium
2023/1/5,4.51,4.33,3.71,300.42,22.46,medium
2023/1/6,4.51,4.33,3.55,300.42,21.13,medium
2023/1/9,4.55,4.33,3.53,300.42,21.97,medium
2023/1/10,4.57,4.33,3.61,300.42,20.58,medium
2023/1/11,4.57,4.33,3.54,300.42,21.09,medium
2023/1/12,4.5,4.33,3.43,300.42,18.83,medium
2023/1/13,4.51,4.33,3.49,300.42,18.35,medium
2023/1/17,4.56,4.33,3.53,300.42,19.36,medium
2023/1/18,4.54,4.33,3.37,300.42,20.34,medium
2023/1/19,4.55,4.33,3.39,300.42,20.52,medium
2023/1/20,4.57,4.33,3.48,300.42,19.85,medium
2023/1/23,4.58,4.33,3.52,300.42,19.81,medium
2023/1/24,4.57,4.33,3.46,300.42,19.2,medium
2023/1/25,4.56,4.33,3.46,300.42,19.08,medium
2023/1/26,4.55,4.33,3.49,300.42,18.73,medium
2023/1/27,4.57,4.33,3.52,300.42,18.51,medium
2023/1/30,4.59,4.33,3.55,300.42,19.94,medium
2023/1/31,4.58,4.33,3.52,300.42,19.4,medium
2023/2/1,4.54,4.33,3.39,301.45,17.87,medium
2023/2/2,4.53,4.58,3.4,301.45,18.73,medium
2023/2/3,4.57,4.58,3.53,301.45,18.33,medium
2023/2/6,4.59,4.58,3.63,301.45,19.43,medium
2023/2/7,4.59,4.58,3.67,301.45,18.66,medium
2023/2/8,4.59,4.58,3.63,301.45,19.63,medium
2023/2/9,4.64,4.57,3.67,301.45,20.71,medium
2023/2/10,4.66,4.58,3.74,301.45,20.53,medium
2023/2/13,4.68,4.58,3.72,301.45,20.34,medium
2023/2/14,4.67,4.58,3.77,301.45,18.91,medium
2023/2/15,4.66,4.58,3.81,301.45,18.23,medium
2023/2/16,4.7,4.58,3.86,301.45,20.17,medium
2023/2/17,4.7,4.58,3.82,301.45,20.02,medium
2023/2/21,4.72,4.58,3.95,301.45,22.87,medium
2023/2/22,4.71,4.58,3.93,301.45,22.29,medium
2023/2/23,4.71,4.58,3.88,301.45,21.14,medium
2023/2/24,4.72,4.58,3.95,301.45,21.67,medium
2023/2/27,4.74,4.57,3.92,301.45,20.95,medium
2023/2/28,4.72,4.57,3.92,301.45,20.7,medium
2023/3/1,4.73,4.58,4.01,301.821,20.58,medium
2023/3/2,4.74,4.57,4.08,301.821,19.59,medium
2023/3/3,4.74,4.57,3.97,301.821,18.49,medium
2023/3/6,4.76,4.57,3.98,301.821,18.61,medium
2023/3/7,4.87,4.57,3.97,301.821,19.59,medium
2023/3/8,4.89,4.57,3.98,301.821,19.11,medium
2023/3/9,4.87,4.57,3.93,301.821,22.61,medium
2023/3/10,4.83,4.57,3.7,301.821,24.8,medium
2023/3/13,4.7,4.58,3.55,301.821,26.52,high
2023/3/14,4.71,4.58,3.64,301.821,23.73,medium
2023/3/15,4.59,4.58,3.51,301.821,26.14,high
2023/3/16,4.57,4.58,3.56,301.821,22.99,medium
2023/3/17,4.36,4.58,3.39,301.821,25.51,high
2023/3/20,4.65,4.58,3.47,301.821,24.15,medium
2023/3/21,4.62,4.58,3.59,301.821,21.38,medium
2023/3/22,4.63,4.58,3.48,301.821,22.26,medium
2023/3/23,4.57,4.83,3.38,301.821,22.61,medium
2023/3/24,4.57,4.83,3.38,301.821,21.74,medium
2023/3/27,4.75,4.83,3.53,301.821,20.6,medium
2023/3/28,4.64,4.83,3.55,301.821,19.97,medium
2023/3/29,4.64,4.83,3.57,301.821,19.12,medium
2023/3/30,4.8,4.83,3.55,301.821,19.02,medium
2023/3/31,4.68,4.83,3.48,301.821,18.7,medium
2023/4/3,4.77,4.83,3.43,302.845,18.55,medium
2023/4/4,4.74,4.83,3.35,302.845,19,medium
2023/4/5,4.72,4.83,3.3,302.845,19.08,medium
2023/4/6,4.77,4.83,3.3,302.845,18.4,medium
2023/4/10,4.94,4.83,3.41,302.845,18.97,medium
2023/4/11,4.89,4.83,3.43,302.845,19.1,medium
2023/4/12,4.87,4.83,3.41,302.845,19.09,medium
2023/4/13,4.95,4.83,3.45,302.845,17.8,medium
2023/4/14,4.98,4.83,3.52,302.845,17.07,medium
2023/4/17,5.06,4.83,3.6,302.845,16.95,medium
2023/4/18,5.04,4.83,3.58,302.845,16.83,medium
2023/4/19,5.01,4.83,3.6,302.845,16.46,medium
2023/4/20,4.97,4.83,3.54,302.845,17.17,medium
2023/4/21,4.98,4.83,3.57,302.845,16.77,medium
2023/4/24,5.04,4.83,3.52,302.845,16.89,medium
2023/4/25,4.97,4.83,3.4,302.845,18.76,medium
2023/4/26,5,4.83,3.43,302.845,18.84,medium
2023/4/27,5.03,4.83,3.53,302.845,17.03,medium
2023/4/28,4.95,4.83,3.44,302.845,15.78,medium
2023/5/1,5.1,4.83,3.59,303.334,16.08,medium
2023/5/2,5.08,4.83,3.44,303.334,17.78,medium
2023/5/3,5.09,4.83,3.38,303.334,18.34,medium
2023/5/4,5.1,5.08,3.37,303.334,20.09,medium
2023/5/5,5.1,5.08,3.44,303.334,17.19,medium
2023/5/8,5.15,5.08,3.52,303.334,16.98,medium
2023/5/9,5.13,5.08,3.53,303.334,17.71,medium
2023/5/10,5.08,5.08,3.43,303.334,16.94,medium
2023/5/11,5.04,5.08,3.39,303.334,16.93,medium
2023/5/12,5.08,5.08,3.46,303.334,17.03,medium
2023/5/15,5.06,5.08,3.5,303.334,17.12,medium
2023/5/16,5.07,5.08,3.54,303.334,17.99,medium
2023/5/17,5.1,5.08,3.57,303.334,16.87,medium
2023/5/18,5.14,5.08,3.65,303.334,16.05,medium
2023/5/19,5.12,5.08,3.7,303.334,16.81,medium
2023/5/22,5.24,5.08,3.72,303.334,17.21,medium
2023/5/23,5.18,5.08,3.7,303.334,18.53,medium
2023/5/24,5.21,5.08,3.73,303.334,20.03,medium
2023/5/25,5.21,5.08,3.83,303.334,19.14,medium
2023/5/26,5.16,5.08,3.8,303.334,17.95,medium
2023/5/30,5.28,5.08,3.69,303.334,17.46,medium
2023/5/31,5.26,5.08,3.64,303.334,17.94,medium
2023/6/1,5.24,5.08,3.61,304.014,15.65,medium
2023/6/2,5.23,5.08,3.69,304.014,14.6,low
2023/6/5,5.2,5.08,3.69,304.014,14.73,low
2023/6/6,5.18,5.08,3.7,304.014,13.96,low
2023/6/7,5.16,5.08,3.79,304.014,13.94,low
2023/6/8,5.12,5.08,3.73,304.014,13.65,low
2023/6/9,5.11,5.08,3.75,304.014,13.83,low
2023/6/12,5.14,5.08,3.73,304.014,15.01,medium
2023/6/13,5.11,5.08,3.84,304.014,14.61,low
2023/6/14,5.1,5.08,3.83,304.014,13.88,low
2023/6/15,5.07,5.07,3.72,304.014,14.5,low
2023/6/16,5.09,5.08,3.77,304.014,13.54,low
2023/6/20,5.14,5.07,3.74,304.014,13.88,low
2023/6/21,5.15,5.07,3.72,304.014,13.2,low
2023/6/22,5.15,5.07,3.8,304.014,12.91,low
2023/6/23,5.15,5.07,3.74,304.014,13.44,low
2023/6/26,5.24,5.07,3.72,304.014,14.25,low
2023/6/27,5.19,5.07,3.77,304.014,13.74,low
2023/6/28,5.18,5.07,3.71,304.014,13.43,low
2023/6/29,5.2,5.07,3.85,304.014,13.54,low
2023/6/30,5.17,5.08,3.81,304.014,13.59,low
2023/7/3,5.21,5.08,3.86,304.609,13.57,low
2023/7/5,5.21,5.08,3.95,304.609,14.18,low
2023/7/6,5.23,5.08,4.05,304.609,15.44,medium
2023/7/7,5.22,5.08,4.06,304.609,14.83,low
2023/7/10,5.25,5.07,4.01,304.609,15.07,medium
2023/7/11,5.25,5.08,3.99,304.609,14.84,low
2023/7/12,5.24,5.08,3.86,304.609,13.54,low
2023/7/13,5.24,5.08,3.76,304.609,13.61,low
2023/7/14,5.25,5.08,3.83,304.609,13.34,low
2023/7/17,5.26,5.08,3.81,304.609,13.48,low
2023/7/18,5.25,5.08,3.8,304.609,13.3,low
2023/7/19,5.26,5.08,3.75,304.609,13.76,low
2023/7/20,5.26,5.08,3.85,304.609,13.99,low
2023/7/21,5.27,5.08,3.84,304.609,13.6,low
2023/7/24,5.28,5.08,3.86,304.609,13.91,low
2023/7/25,5.28,5.08,3.91,304.609,13.86,low
2023/7/26,5.28,5.08,3.86,304.609,13.19,low
2023/7/27,5.28,5.33,4.01,304.609,14.41,low
2023/7/28,5.28,5.33,3.96,304.609,13.33,low
2023/7/31,5.28,5.33,3.97,304.609,13.63,low
2023/8/1,5.27,5.33,4.05,306.082,13.93,low
2023/8/2,5.27,5.33,4.08,306.082,16.09,medium
2023/8/3,5.27,5.33,4.2,306.082,15.92,medium
2023/8/4,5.28,5.33,4.05,306.082,17.1,medium
2023/8/7,5.29,5.33,4.09,306.082,15.77,medium
2023/8/8,5.3,5.33,4.02,306.082,15.99,medium
2023/8/9,5.28,5.33,4,306.082,15.96,medium
2023/8/10,5.28,5.33,4.09,306.082,15.85,medium
2023/8/11,5.28,5.33,4.16,306.082,14.84,low
2023/8/14,5.29,5.33,4.19,306.082,14.82,low
2023/8/15,5.29,5.33,4.21,306.082,16.46,medium
2023/8/16,5.29,5.33,4.28,306.082,16.78,medium
2023/8/17,5.29,5.33,4.3,306.082,17.89,medium
2023/8/18,5.28,5.33,4.26,306.082,17.3,medium
2023/8/21,5.3,5.33,4.34,306.082,17.13,medium
2023/8/22,5.3,5.33,4.34,306.082,16.97,medium
2023/8/23,5.3,5.33,4.19,306.082,15.98,medium
2023/8/24,5.31,5.33,4.23,306.082,17.2,medium
2023/8/25,5.34,5.33,4.25,306.082,15.68,medium
2023/8/28,5.34,5.33,4.2,306.082,15.08,medium
2023/8/29,5.33,5.33,4.12,306.082,14.45,low
2023/8/30,5.32,5.33,4.12,306.082,13.88,low
2023/8/31,5.32,5.33,4.09,306.082,13.57,low
2023/9/1,5.3,5.33,4.18,307.276,13.09,low
2023/9/5,5.32,5.33,4.27,307.276,14.01,low
2023/9/6,5.31,5.33,4.3,307.276,14.45,low
2023/9/7,5.3,5.33,4.27,307.276,14.4,low
2023/9/8,5.31,5.33,4.26,307.276,13.84,low
2023/9/11,5.32,5.33,4.29,307.276,13.8,low
2023/9/12,5.32,5.33,4.27,307.276,14.23,low
2023/9/13,5.31,5.33,4.25,307.276,13.48,low
2023/9/14,5.31,5.33,4.29,307.276,12.82,low
2023/9/15,5.32,5.33,4.33,307.276,13.79,low
2023/9/18,5.31,5.33,4.32,307.276,14,low
2023/9/19,5.31,5.33,4.37,307.276,14.11,low
2023/9/20,5.33,5.33,4.35,307.276,15.14,medium
2023/9/21,5.33,5.33,4.49,307.276,17.54,medium
2023/9/22,5.32,5.33,4.44,307.276,17.2,medium
2023/9/25,5.35,5.33,4.55,307.276,16.9,medium
2023/9/26,5.34,5.33,4.56,307.276,18.94,medium
2023/9/27,5.34,5.33,4.61,307.276,18.22,medium
2023/9/28,5.32,5.33,4.59,307.276,17.34,medium
2023/9/29,5.32,5.33,4.59,307.276,17.52,medium
2023/10/2,5.35,5.33,4.69,307.696,17.61,medium
2023/10/3,5.35,5.33,4.81,307.696,19.78,medium
2023/10/4,5.34,5.33,4.73,307.696,18.58,medium
2023/10/5,5.34,5.33,4.72,307.696,18.49,medium
2023/10/6,5.36,5.33,4.78,307.696,17.45,medium
2023/10/10,5.34,5.33,4.66,307.696,17.03,medium
2023/10/11,5.34,5.33,4.58,307.696,16.09,medium
2023/10/12,5.35,5.33,4.7,307.696,16.69,medium
2023/10/13,5.35,5.33,4.63,307.696,19.32,medium
2023/10/16,5.34,5.33,4.71,307.696,17.21,medium
2023/10/17,5.35,5.33,4.83,307.696,17.88,medium
2023/10/18,5.34,5.33,4.91,307.696,19.22,medium
2023/10/19,5.33,5.33,4.98,307.696,21.4,medium
2023/10/20,5.31,5.33,4.93,307.696,21.71,medium
2023/10/23,5.32,5.33,4.86,307.696,20.37,medium
2023/10/24,5.31,5.33,4.83,307.696,18.97,medium
2023/10/25,5.32,5.33,4.95,307.696,20.19,medium
2023/10/26,5.32,5.33,4.86,307.696,20.68,medium
2023/10/27,5.32,5.33,4.84,307.696,21.27,medium
2023/10/30,5.33,5.33,4.88,307.696,19.75,medium
2023/10/31,5.33,5.33,4.88,307.696,18.14,medium
2023/11/1,5.31,5.33,4.77,308.148,16.87,medium
2023/11/2,5.28,5.33,4.67,308.148,15.66,medium
2023/11/3,5.27,5.33,4.57,308.148,14.91,low
2023/11/6,5.29,5.33,4.67,308.148,14.89,low
2023/11/7,5.28,5.33,4.58,308.148,14.81,low
2023/11/8,5.28,5.33,4.49,308.148,14.45,low
2023/11/9,5.27,5.33,4.62,308.148,15.29,medium
2023/11/10,5.26,5.33,4.61,308.148,14.17,low
2023/11/13,5.28,5.33,4.63,308.148,14.76,low
2023/11/14,5.26,5.33,4.44,308.148,14.16,low
2023/11/15,5.26,5.33,4.53,308.148,14.18,low
2023/11/16,5.25,5.33,4.45,308.148,14.32,low
2023/11/17,5.25,5.33,4.44,308.148,13.8,low
2023/11/20,5.27,5.33,4.42,308.148,13.41,low
2023/11/21,5.26,5.33,4.41,308.148,13.35,low
2023/11/22,5.27,5.33,4.42,308.148,12.85,low
2023/11/24,5.28,5.33,4.47,308.148,12.46,low
2023/11/27,5.28,5.33,4.39,308.148,12.69,low
2023/11/28,5.27,5.33,4.34,308.148,12.69,low
2023/11/29,5.25,5.33,4.27,308.148,12.98,low
2023/11/30,5.25,5.33,4.37,308.148,12.92,low
2023/12/1,5.23,5.33,4.22,308.741,12.63,low
2023/12/4,5.26,5.33,4.28,308.741,13.08,low
2023/12/5,5.25,5.33,4.18,308.741,12.85,low
2023/12/6,5.25,5.33,4.12,308.741,12.97,low
2023/12/7,5.24,5.33,4.14,308.741,13.06,low
2023/12/8,5.24,5.33,4.23,308.741,12.35,low
2023/12/11,5.26,5.33,4.23,308.741,12.63,low
2023/12/12,5.26,5.33,4.2,308.741,12.07,low
2023/12/13,5.24,5.33,4.04,308.741,12.19,low
2023/12/14,5.23,5.33,3.92,308.741,12.48,low
2023/12/15,5.24,5.33,3.91,308.741,12.28,low
2023/12/18,5.26,5.33,3.95,308.741,12.56,low
2023/12/19,5.23,5.33,3.93,308.741,12.53,low
2023/12/20,5.24,5.33,3.86,308.741,13.67,low
2023/12/21,5.22,5.33,3.89,308.741,13.65,low
2023/12/22,5.24,5.33,3.9,308.741,13.03,low
2023/12/26,5.25,5.33,3.89,308.741,12.99,low
2023/12/27,5.24,5.33,3.79,308.741,12.43,low
2023/12/28,5.25,5.33,3.84,308.741,12.47,low
2023/12/29,5.2,5.33,3.88,308.741,12.45,low
2024/1/2,5.22,5.33,3.95,309.698,13.2,low
2024/1/3,5.24,5.33,3.91,309.698,14.04,low
2024/1/4,5.24,5.33,3.99,309.698,14.13,low
2024/1/5,5.24,5.33,4.05,309.698,13.35,low
2024/1/8,5.25,5.33,4.01,309.698,13.08,low
2024/1/9,5.24,5.33,4.02,309.698,12.76,low
2024/1/10,5.23,5.33,4.04,309.698,12.69,low
2024/1/11,5.23,5.33,3.98,309.698,12.44,low
2024/1/12,5.22,5.33,3.96,309.698,12.7,low
2024/1/16,5.22,5.33,4.07,309.698,13.84,low
2024/1/17,5.24,5.33,4.1,309.698,14.79,low
2024/1/18,5.22,5.33,4.14,309.698,14.13,low
2024/1/19,5.22,5.33,4.15,309.698,13.3,low
2024/1/22,5.22,5.33,4.11,309.698,13.19,low
2024/1/23,5.21,5.33,4.14,309.698,12.55,low
2024/1/24,5.21,5.33,4.18,309.698,13.14,low
2024/1/25,5.21,5.33,4.14,309.698,13.45,low
2024/1/26,5.21,5.33,4.15,309.698,13.26,low
2024/1/29,5.22,5.33,4.08,309.698,13.6,low
2024/1/30,5.21,5.33,4.06,309.698,13.31,low
2024/1/31,5.22,5.33,3.99,309.698,14.35,low
2024/2/1,5.22,5.33,3.87,310.967,13.88,low
2024/2/2,5.23,5.33,4.03,310.967,13.85,low
2024/2/5,5.22,5.33,4.17,310.967,13.67,low
2024/2/6,5.23,5.33,4.09,310.967,13.06,low
2024/2/7,5.23,5.33,4.09,310.967,12.83,low
2024/2/8,5.23,5.33,4.15,310.967,12.79,low
2024/2/9,5.24,5.33,4.17,310.967,12.93,low
2024/2/12,5.23,5.33,4.17,310.967,13.93,low
2024/2/13,5.25,5.33,4.31,310.967,15.85,medium
2024/2/14,5.23,5.33,4.27,310.967,14.38,low
2024/2/15,5.23,5.33,4.24,310.967,14.01,low
2024/2/16,5.24,5.33,4.3,310.967,14.24,low
2024/2/20,5.24,5.33,4.27,310.967,15.42,medium
2024/2/21,5.24,5.33,4.32,310.967,15.34,medium
2024/2/22,5.25,5.33,4.33,310.967,14.54,low
2024/2/23,5.26,5.33,4.26,310.967,13.75,low
2024/2/26,5.26,5.33,4.28,310.967,13.74,low
2024/2/27,5.25,5.33,4.31,310.967,13.43,low
2024/2/28,5.24,5.33,4.27,310.967,13.84,low
2024/2/29,5.25,5.33,4.25,310.967,13.4,low
2024/3/1,5.23,5.33,4.19,312.345,13.11,low
2024/3/4,5.24,5.33,4.22,312.345,13.49,low
2024/3/5,5.23,5.33,4.13,312.345,14.46,low
2024/3/6,5.24,5.33,4.11,312.345,14.5,low
2024/3/7,5.24,5.33,4.09,312.345,14.44,low
2024/3/8,5.24,5.33,4.09,312.345,14.74,low
2024/3/11,5.24,5.33,4.1,312.345,15.22,medium
2024/3/12,5.25,5.33,4.16,312.345,13.84,low
2024/3/13,5.25,5.33,4.19,312.345,13.75,low
2024/3/14,5.25,5.33,4.29,312.345,14.4,low
2024/3/15,5.25,5.33,4.31,312.345,14.41,low
2024/3/18,5.25,5.33,4.34,312.345,14.33,low
2024/3/19,5.24,5.33,4.3,312.345,13.82,low
2024/3/20,5.24,5.33,4.27,312.345,13.04,low
2024/3/21,5.25,5.33,4.27,312.345,12.92,low
2024/3/22,5.24,5.33,4.22,312.345,13.06,low
2024/3/25,5.23,5.33,4.25,312.345,13.19,low
2024/3/26,5.22,5.33,4.24,312.345,13.24,low
2024/3/27,5.22,5.33,4.2,312.345,12.78,low
2024/3/28,5.23,5.33,4.2,312.345,13.01,low
2024/4/1,5.23,5.33,4.33,313.023,13.65,low
2024/4/2,5.22,5.33,4.36,313.023,14.61,low
2024/4/3,5.22,5.33,4.36,313.023,14.33,low
2024/4/4,5.21,5.33,4.31,313.023,16.35,medium
2024/4/5,5.23,5.33,4.39,313.023,16.03,medium
2024/4/8,5.23,5.33,4.42,313.023,15.19,medium
2024/4/9,5.23,5.33,4.36,313.023,14.98,low
2024/4/10,5.25,5.33,4.55,313.023,15.8,medium
2024/4/11,5.25,5.33,4.56,313.023,14.91,low
2024/4/12,5.25,5.33,4.5,313.023,17.31,medium
2024/4/15,5.25,5.33,4.63,313.023,19.23,medium
2024/4/16,5.25,5.33,4.67,313.023,18.4,medium
2024/4/17,5.25,5.33,4.59,313.023,18.21,medium
2024/4/18,5.25,5.33,4.64,313.023,18,medium
2024/4/19,5.25,5.33,4.62,313.023,18.71,medium
2024/4/22,5.22,5.33,4.62,313.023,16.94,medium
2024/4/23,5.25,5.33,4.61,313.023,15.69,medium
2024/4/24,5.26,5.33,4.65,313.023,15.97,medium
2024/4/25,5.26,5.33,4.7,313.023,15.37,medium
2024/4/26,5.25,5.33,4.67,313.023,15.03,medium
2024/4/29,5.25,5.33,4.63,313.023,14.67,low
2024/4/30,5.25,5.33,4.69,313.023,15.65,medium
2024/5/1,5.26,5.33,4.63,313.175,15.39,medium
2024/5/2,5.25,5.33,4.58,313.175,14.68,low
2024/5/3,5.25,5.33,4.5,313.175,13.49,low
2024/5/6,5.25,5.33,4.49,313.175,13.49,low
2024/5/7,5.25,5.33,4.47,313.175,13.23,low
2024/5/8,5.25,5.33,4.48,313.175,13,low
2024/5/9,5.25,5.33,4.45,313.175,12.69,low
2024/5/10,5.26,5.33,4.5,313.175,12.55,low
2024/5/13,5.25,5.33,4.48,313.175,13.6,low
2024/5/14,5.24,5.33,4.45,313.175,13.42,low
2024/5/15,5.25,5.33,4.36,313.175,12.45,low
2024/5/16,5.25,5.33,4.38,313.175,12.42,low
2024/5/17,5.25,5.33,4.42,313.175,11.99,low
2024/5/20,5.25,5.33,4.44,313.175,12.15,low
2024/5/21,5.25,5.33,4.41,313.175,11.86,low
2024/5/22,5.25,5.33,4.43,313.175,12.29,low
2024/5/23,5.26,5.33,4.47,313.175,12.77,low
2024/5/24,5.26,5.33,4.46,313.175,11.93,low
2024/5/28,5.26,5.33,4.54,313.175,12.92,low
2024/5/29,5.26,5.33,4.61,313.175,14.28,low
2024/5/30,5.26,5.33,4.55,313.175,14.47,low
2024/5/31,5.25,5.33,4.51,313.175,12.92,low
2024/6/3,5.26,5.33,4.41,313.044,13.11,low
2024/6/4,5.25,5.33,4.33,313.044,13.16,low
2024/6/5,5.25,5.33,4.29,313.044,12.63,low
2024/6/6,5.25,5.33,4.28,313.044,12.58,low
2024/6/7,5.26,5.33,4.43,313.044,12.22,low
2024/6/10,5.25,5.33,4.47,313.044,12.74,low
2024/6/11,5.25,5.33,4.39,313.044,12.85,low
2024/6/12,5.25,5.33,4.31,313.044,12.04,low
2024/6/13,5.25,5.33,4.24,313.044,11.94,low
2024/6/14,5.25,5.33,4.2,313.044,12.66,low
2024/6/17,5.25,5.33,4.28,313.044,12.75,low
2024/6/18,5.24,5.33,4.22,313.044,12.3,low
2024/6/20,5.24,5.33,4.25,313.044,13.28,low
2024/6/21,5.23,5.33,4.25,313.044,13.2,low
2024/6/24,5.24,5.33,4.25,313.044,13.33,low
2024/6/25,5.23,5.33,4.23,313.044,12.84,low
2024/6/26,5.24,5.33,4.32,313.044,12.55,low
2024/6/27,5.23,5.33,4.29,313.044,12.24,low
2024/6/28,5.22,5.33,4.36,313.044,12.44,low
2024/7/1,5.24,5.33,4.48,313.569,12.22,low
2024/7/2,5.24,5.33,4.43,313.569,12.03,low
2024/7/3,5.24,5.33,4.36,313.569,12.09,low
2024/7/5,5.23,5.33,4.28,313.569,12.48,low
2024/7/8,5.23,5.33,4.28,313.569,12.37,low
2024/7/9,5.23,5.33,4.3,313.569,12.51,low
2024/7/10,5.23,5.33,4.28,313.569,12.85,low
2024/7/11,5.21,5.33,4.2,313.569,12.92,low
2024/7/12,5.21,5.33,4.18,313.569,12.46,low
2024/7/15,5.2,5.33,4.23,313.569,13.12,low
2024/7/16,5.2,5.33,4.17,313.569,13.19,low
2024/7/17,5.2,5.33,4.16,313.569,14.48,low
2024/7/18,5.21,5.33,4.2,313.569,15.93,medium
2024/7/19,5.2,5.33,4.25,313.569,16.52,medium
2024/7/22,5.19,5.33,4.26,313.569,14.91,low
2024/7/23,5.18,5.33,4.25,313.569,14.72,low
2024/7/24,5.18,5.33,4.28,313.569,18.04,medium
2024/7/25,5.17,5.33,4.27,313.569,18.46,medium
2024/7/26,5.16,5.33,4.2,313.569,16.39,medium
2024/7/29,5.15,5.33,4.17,313.569,16.6,medium
2024/7/30,5.14,5.33,4.15,313.569,17.69,medium
2024/7/31,5.15,5.33,4.09,313.569,16.36,medium
2024/8/1,5.12,5.33,3.99,314.062,18.59,medium
2024/8/2,5.05,5.33,3.8,314.062,23.39,medium
2024/8/5,5.09,5.33,3.78,314.062,38.57,extreme
2024/8/6,5.09,5.33,3.9,314.062,27.71,high
2024/8/7,5.09,5.33,3.96,314.062,27.85,high
2024/8/8,5.09,5.33,3.99,314.062,23.79,medium
2024/8/9,5.09,5.33,3.94,314.062,20.37,medium
2024/8/12,5.07,5.33,3.9,314.062,20.71,medium
2024/8/13,5.06,5.33,3.85,314.062,18.12,medium
2024/8/14,5.07,5.33,3.83,314.062,16.19,medium
2024/8/15,5.09,5.33,3.92,314.062,15.23,medium
2024/8/16,5.08,5.33,3.89,314.062,14.8,low
2024/8/19,5.06,5.33,3.86,314.062,14.65,low
2024/8/20,5.04,5.33,3.82,314.062,15.88,medium
2024/8/21,5.02,5.33,3.79,314.062,16.27,medium
2024/8/22,5.04,5.33,3.86,314.062,17.55,medium
2024/8/23,5.01,5.33,3.81,314.062,15.86,medium
2024/8/26,4.98,5.33,3.82,314.062,16.15,medium
2024/8/27,4.98,5.33,3.83,314.062,15.43,medium
2024/8/28,4.96,5.33,3.84,314.062,17.11,medium
2024/8/29,4.98,5.33,3.87,314.062,15.65,medium
2024/8/30,4.98,5.33,3.91,314.062,15,medium
2024/9/3,4.97,5.33,3.84,314.732,20.72,medium
2024/9/4,4.96,5.33,3.77,314.732,21.32,medium
2024/9/5,4.94,5.33,3.73,314.732,19.9,medium
2024/9/6,4.93,5.33,3.72,314.732,22.38,medium
2024/9/9,4.89,5.33,3.7,314.732,19.45,medium
2024/9/10,4.85,5.33,3.65,314.732,19.08,medium
2024/9/11,4.89,5.33,3.65,314.732,17.69,medium
2024/9/12,4.85,5.33,3.68,314.732,17.07,medium
2024/9/13,4.78,5.33,3.66,314.732,16.56,medium
2024/9/16,4.75,5.33,3.63,314.732,17.14,medium
2024/9/17,4.75,5.33,3.65,314.732,17.61,medium
2024/9/18,4.65,5.33,3.7,314.732,18.23,medium
2024/9/19,4.61,4.83,3.73,314.732,16.33,medium
2024/9/20,4.56,4.83,3.73,314.732,16.15,medium
2024/9/23,4.53,4.83,3.75,314.732,15.89,medium
2024/9/24,4.5,4.83,3.74,314.732,15.39,medium
2024/9/25,4.51,4.83,3.79,314.732,15.41,medium
2024/9/26,4.5,4.83,3.79,314.732,15.37,medium
2024/9/27,4.5,4.83,3.75,314.732,16.96,medium
2024/9/30,4.52,4.83,3.81,314.732,16.73,medium
2024/10/1,4.5,4.83,3.74,315.631,19.26,medium
2024/10/2,4.48,4.83,3.79,315.631,18.9,medium
2024/10/3,4.48,4.83,3.85,315.631,20.49,medium
2024/10/4,4.53,4.83,3.98,315.631,19.21,medium
2024/10/7,4.55,4.83,4.03,315.631,22.64,medium
2024/10/8,4.53,4.83,4.04,315.631,21.42,medium
2024/10/9,4.54,4.83,4.06,315.631,20.86,medium
2024/10/10,4.54,4.83,4.09,315.631,20.93,medium
2024/10/11,4.53,4.83,4.08,315.631,20.46,medium
2024/10/15,4.52,4.83,4.03,315.631,20.64,medium
2024/10/16,4.51,4.83,4.02,315.631,19.58,medium
2024/10/17,4.54,4.83,4.09,315.631,19.11,medium
2024/10/18,4.53,4.83,4.08,315.631,18.03,medium
2024/10/21,4.51,4.83,4.19,315.631,18.37,medium
2024/10/22,4.51,4.83,4.2,315.631,18.2,medium
2024/10/23,4.52,4.83,4.24,315.631,19.24,medium
2024/10/24,4.5,4.83,4.21,315.631,19.08,medium
2024/10/25,4.52,4.83,4.25,315.631,20.33,medium
2024/10/28,4.49,4.83,4.28,315.631,19.8,medium
2024/10/29,4.49,4.83,4.28,315.631,19.34,medium
2024/10/30,4.47,4.83,4.29,315.631,20.35,medium
2024/10/31,4.44,4.83,4.28,315.631,23.16,medium
2024/11/1,4.41,4.83,4.37,316.528,21.88,medium
2024/11/4,4.44,4.83,4.31,316.528,21.98,medium
2024/11/5,4.43,4.83,4.26,316.528,20.49,medium
2024/11/6,4.44,4.83,4.42,316.528,16.27,medium
2024/11/7,4.43,4.83,4.31,316.528,15.2,medium
2024/11/8,4.43,4.58,4.3,316.528,14.94,low
2024/11/12,4.43,4.58,4.43,316.528,14.71,low
2024/11/13,4.4,4.58,4.44,316.528,14.02,low
2024/11/14,4.41,4.58,4.43,316.528,14.31,low
2024/11/15,4.41,4.58,4.43,316.528,16.14,medium
2024/11/18,4.42,4.58,4.42,316.528,15.58,medium
2024/11/19,4.41,4.58,4.39,316.528,16.35,medium
2024/11/20,4.42,4.58,4.41,316.528,17.16,medium
2024/11/21,4.43,4.58,4.43,316.528,16.87,medium
2024/11/22,4.43,4.58,4.41,316.528,15.24,medium
2024/11/25,4.42,4.58,4.27,316.528,14.6,low
2024/11/26,4.4,4.58,4.3,316.528,14.1,low
2024/11/27,4.4,4.58,4.25,316.528,14.1,low
2024/11/29,4.39,4.58,4.18,316.528,13.51,low
2024/12/2,4.38,4.58,4.19,317.604,13.34,low
2024/12/3,4.36,4.58,4.23,317.604,13.3,low
2024/12/4,4.35,4.58,4.19,317.604,13.45,low
2024/12/5,4.34,4.58,4.17,317.604,13.54,low
2024/12/6,4.31,4.58,4.15,317.604,12.77,low
2024/12/9,4.3,4.58,4.2,317.604,14.19,low
2024/12/10,4.29,4.58,4.22,317.604,14.18,low
2024/12/11,4.26,4.58,4.26,317.604,13.58,low
2024/12/12,4.23,4.58,4.32,317.604,13.92,low
2024/12/13,4.23,4.58,4.4,317.604,13.81,low
2024/12/16,4.25,4.58,4.39,317.604,14.69,low
2024/12/17,4.26,4.58,4.4,317.604,15.87,medium
2024/12/18,4.25,4.58,4.5,317.604,27.62,high
2024/12/19,4.23,4.33,4.57,317.604,24.09,medium
2024/12/20,4.23,4.33,4.52,317.604,18.36,medium
2024/12/23,4.24,4.33,4.59,317.604,16.78,medium
2024/12/24,4.28,4.33,4.59,317.604,14.27,low
2024/12/26,4.24,4.33,4.58,317.604,14.73,low
2024/12/27,4.19,4.33,4.62,317.604,15.95,medium
2024/12/30,4.23,4.33,4.55,317.604,17.4,medium
2024/12/31,4.23,4.33,4.58,317.604,17.35,medium