event,sector,beta_daily_in_window,se_hac,n_days,rolling52_mean,full_sample_beta
COVID Crash,XLK,1.1706,0.037,24,1.0935,1.2506
COVID Crash,XLE,1.2911,0.1197,24,1.4035,1.0437
COVID Crash,XLF,1.2425,0.0406,24,1.1446,1.0577
COVID Crash,XLV,0.8534,0.041,24,0.9048,0.7507
COVID Crash,XLP,0.8558,0.0422,24,0.7391,0.6
COVID Crash,XLU,0.9683,0.1062,24,0.7257,0.642
COVID Crash,XLY,0.957,0.0327,24,0.9891,1.104
COVID Recovery,XLK,1.1395,0.0388,197,0.9613,1.2506
COVID Recovery,XLE,1.477,0.1158,197,1.4716,1.0437
COVID Recovery,XLF,1.2003,0.0609,197,1.2372,1.0577
COVID Recovery,XLV,0.8197,0.0377,197,0.819,0.7507
COVID Recovery,XLP,0.618,0.03,197,0.7026,0.6
COVID Recovery,XLU,0.9207,0.1024,197,1.161,0.642
COVID Recovery,XLY,0.9844,0.0268,197,1.0695,1.104
2022 Bear Market,XLK,1.2799,0.0244,196,1.2527,1.2506
2022 Bear Market,XLE,0.6021,0.1222,196,0.5616,1.0437
2022 Bear Market,XLF,0.8991,0.0325,196,0.9315,1.0577
2022 Bear Market,XLV,0.6619,0.027,196,0.7025,0.7507
2022 Bear Market,XLP,0.5182,0.0494,196,0.5712,0.6
2022 Bear Market,XLU,0.4897,0.0659,196,0.5077,0.642
2022 Bear Market,XLY,1.34,0.0412,196,1.3673,1.104
Rate Hike,XLK,1.2838,0.026,342,1.2387,1.2506
Rate Hike,XLE,0.7846,0.0705,342,0.6814,1.0437
Rate Hike,XLF,0.9243,0.0294,342,0.9792,1.0577
Rate Hike,XLV,0.6278,0.0261,342,0.6826,0.7507
Rate Hike,XLP,0.5422,0.0385,342,0.6125,0.6
Rate Hike,XLU,0.5859,0.048,342,0.6189,0.642
Rate Hike,XLY,1.2809,0.0374,342,1.3085,1.104
SVB Crisis,XLK,1.0159,0.0915,38,1.2134,1.2506
SVB Crisis,XLE,1.0501,0.1686,38,0.843,1.0437
SVB Crisis,XLF,1.3502,0.1684,38,1.0065,1.0577
SVB Crisis,XLV,0.6196,0.066,38,0.6373,0.7507
SVB Crisis,XLP,0.4219,0.0482,38,0.638,0.6
SVB Crisis,XLU,0.4804,0.1018,38,0.7368,0.642
SVB Crisis,XLY,1.2379,0.093,38,1.2905,1.104
AI Rally,XLK,1.4994,0.0608,314,1.4,1.2506
AI Rally,XLE,0.4553,0.0898,314,0.5007,1.0437
AI Rally,XLF,0.7625,0.0651,314,0.8876,1.0577
AI Rally,XLV,0.5056,0.056,314,0.5525,0.7507
AI Rally,XLP,0.3043,0.0527,314,0.3914,0.6
AI Rally,XLU,0.3806,0.079,314,0.3896,0.642
AI Rally,XLY,1.2677,0.0437,314,1.262,1.104
